Materials-1,Materials-2,Electrolyte,Voltage window (V),Specific surface area (m2/g),Pore volume (cm3/g),Pore size (nm),Micropore volume (cm3/g),SSA of micropores (m2/g),Id/Ig,N (at. %),O (at. %),B (at. %),S (at. %),F (at. %),P (at. %),Capacitance (F/g),is_composite,has_material_note,mat1_enc,mat2_enc,elec_enc
CDC,none,h2so4,0.25,630.0,0.0,1.5,0.0,0.0,0.0,0.0,0.0,0.0,0.0,0.0,0.0,80.0,0,0,7,5,9
CDC,none,h2so4,0.25,1000.0,0.0,1.75,0.0,0.0,0.0,0.0,0.0,0.0,0.0,0.0,0.0,125.0,0,0,7,5,9
CDC,none,h2so4,0.25,1500.0,0.0,2.5,0.0,0.0,0.0,0.0,0.0,0.0,0.0,0.0,0.0,175.0,0,0,7,5,9
CDC,none,h2so4,0.25,1400.0,0.0,2.9,0.0,0.0,0.0,0.0,0.0,0.0,0.0,0.0,0.0,160.0,0,0,7,5,9
CDC,none,h2so4,0.25,850.0,0.0,1.25,0.0,0.0,0.0,0.0,0.0,0.0,0.0,0.0,0.0,95.0,0,0,7,5,9
CDC,none,h2so4,0.25,1800.0,0.0,1.15,0.0,0.0,0.0,0.0,0.0,0.0,0.0,0.0,0.0,138.0,0,0,7,5,9
CDC,none,h2so4,0.25,1700.0,0.0,1.25,0.0,0.0,0.0,0.0,0.0,0.0,0.0,0.0,0.0,143.0,0,0,7,5,9
CDC,none,h2so4,0.25,1100.0,0.0,1.8,0.0,0.0,0.0,0.0,0.0,0.0,0.0,0.0,0.0,120.0,0,0,7,5,9
MWCNT,none,teabf4,3.5,20.0,0.11,0.0,0.02,0.0,1.02,0.0,0.0,0.0,0.0,0.0,0.0,35.0,0,0,11,5,23
MWCNT,none,teabf4,3.5,247.0,0.37,0.0,0.18,0.0,0.83,0.0,0.0,0.0,0.0,0.0,0.0,40.0,0,0,11,5,23
carbon nanorods,none,koh,0.9,1347.0,1.01,3.0,0.0,0.0,0.0,0.0,0.0,0.0,0.0,0.0,0.0,189.1,0,0,27,5,14
carbon nanorods,none,koh,0.9,3310.0,0.0,2.0,0.0,0.0,0.0,0.0,0.0,0.0,0.0,0.0,0.0,333.9,0,0,27,5,14
carbon nanofiber,none,koh,0.9,310.0,0.17,0.54,0.15,0.0,0.0,3.5,4.9,0.0,0.0,0.0,0.0,120.0,0,0,25,5,14
carbon nanofiber,none,koh,0.9,420.0,0.22,0.54,0.2,0.0,0.0,2.9,4.8,0.0,0.0,0.0,0.0,128.0,0,0,25,5,14
carbon nanofiber,none,koh,0.9,550.0,0.34,0.59,0.26,0.0,0.0,0.9,4.5,0.0,0.0,0.0,0.0,140.0,0,0,25,5,14
unknown,none,h2so4,1.0,2872.0,2.06,0.0,0.0,0.0,0.0,0.0,0.0,0.0,0.0,0.0,0.0,312.0,0,0,39,5,9
unknown,none,koh,1.0,970.0,0.69,2.85,0.3,0.0,0.0,0.0,0.0,0.0,0.0,0.0,0.0,68.4,0,0,39,5,14
unknown,none,h2so4,0.9,1140.0,0.0,0.0,0.0,0.0,0.0,0.0,0.0,0.0,0.0,0.0,0.0,304.0,0,0,39,5,9
porous carbon,none,koh,1.0,2273.0,2.74,4.47,0.0,0.0,0.0,0.0,0.0,0.0,0.0,0.0,0.0,168.0,0,0,36,5,14
porous carbon,none,h2so4,1.2,0.0,0.0,0.0,0.0,0.0,3.75,0.0,0.0,0.0,0.0,0.0,0.0,300.0,0,0,36,5,9
unknown,none,h2so4,1.2,0.0,0.0,0.0,0.0,0.0,3.6,0.0,0.0,0.0,0.0,0.0,0.0,200.0,0,0,39,5,9
unknown,none,h2so4,1.2,0.0,0.0,0.0,0.0,0.0,3.4,0.0,0.0,0.0,0.0,0.0,0.0,220.0,0,0,39,5,9
unknown,none,h2so4,1.2,0.0,0.0,0.0,0.0,0.0,3.25,0.0,0.0,0.0,0.0,0.0,0.0,225.0,0,0,39,5,9
CDC,none,teabf4,2.0,2250.0,1.4,0.0,0.0,0.0,2.45,0.0,0.0,0.0,0.0,0.0,0.0,150.0,0,0,7,5,23
CDC,none,teabf4,2.0,2430.0,1.4,0.0,0.0,0.0,2.26,0.0,0.0,0.0,0.0,0.0,0.0,125.0,0,0,7,5,23
CDC,none,teabf4,2.0,2420.0,1.5,0.0,0.0,0.0,2.0,0.0,0.0,0.0,0.0,0.0,0.0,138.0,0,0,7,5,23
CNT,none,liclo4,2.6,146.12,0.0,0.0,0.0,0.0,0.0,0.0,0.0,0.0,0.0,0.0,0.0,21.8,0,0,9,5,16
unknown,none,liclo4,2.6,159.74,0.0,0.0,0.0,0.0,0.0,0.0,0.0,0.0,0.0,0.0,0.0,60.4,0,0,39,5,16
porous carbon,none,net4bf4,2.7,1522.0,2.02,0.0,0.0,0.0,0.0,0.0,0.0,0.0,0.0,0.0,0.0,115.0,0,0,36,5,21
AC,none,net4bf4,2.7,2549.0,0.0,0.0,0.0,0.0,0.0,0.0,0.0,0.0,0.0,0.0,0.0,106.0,0,0,3,5,21
CNT,none,net4bf4,2.7,156.0,0.0,0.0,0.0,0.0,0.0,0.0,0.0,0.0,0.0,0.0,0.0,35.0,0,0,9,5,21
carbon sphere,graphene,koh,1.0,0.0,0.0,0.0,0.0,0.0,0.0,0.0,0.0,0.0,0.0,0.0,0.0,198.0,1,0,29,4,14
graphene,none,koh,1.0,0.0,0.0,0.0,0.0,0.0,0.0,0.0,0.0,0.0,0.0,0.0,0.0,115.0,0,0,32,5,14
carbon sphere,none,koh,1.0,0.0,0.0,0.0,0.0,0.0,0.0,0.0,0.0,0.0,0.0,0.0,0.0,38.0,0,0,29,5,14
carbon,none,h2so4,0.9,415.0,0.0,0.0,0.0,0.0,0.19,0.0,0.0,0.0,0.0,0.0,0.0,120.0,0,0,23,5,9
porous carbon,none,h2so4,0.9,710.0,0.0,0.71,0.0,0.0,0.0,0.0,5.0,0.0,0.0,0.0,0.0,185.0,0,0,36,5,9
porous carbon,none,h2so4,0.9,698.0,0.0,0.82,0.0,0.0,0.0,0.0,12.0,0.0,0.0,0.0,0.0,360.0,0,0,36,5,9
porous carbon,none,h2so4,0.9,565.0,0.0,0.76,0.0,0.0,0.0,0.0,12.0,0.0,0.0,0.0,0.0,341.0,0,0,36,5,9
AC,none,h2so4,0.9,886.0,0.0,0.0,0.0,0.0,0.0,0.0,0.0,0.0,0.0,0.0,0.0,214.0,0,0,3,5,9
graphene,none,koh,0.9,801.0,0.9,3.7,0.0,0.0,0.0,0.0,10.1,0.0,0.0,0.0,0.0,218.0,0,0,32,5,14
porous carbon,graphene,koh,0.9,1496.0,3.36,1.4,0.0,0.0,0.0,0.0,3.2,0.0,0.0,0.0,0.0,171.0,1,0,36,4,14
porous carbon,graphene,koh,0.9,1390.0,3.28,1.4,0.0,0.0,0.0,1.2,1.6,0.0,0.0,0.0,0.0,136.0,1,0,36,4,14
graphene,none,koh,0.9,787.0,0.0,0.0,0.0,0.0,0.0,0.0,3.5,0.0,0.0,0.0,0.0,95.0,0,0,32,5,14
porous carbon,none,nacl,0.9,429.0,0.0,0.0,0.0,0.0,0.0,0.0,0.0,0.0,0.0,0.0,0.0,30.0,0,0,36,5,20
porous carbon,none,nacl,0.9,0.0,0.0,0.0,0.0,0.0,0.0,0.0,0.0,0.0,0.0,0.0,0.0,25.0,0,0,36,5,20
porous carbon,none,h2so4,0.9,429.0,0.0,0.0,0.0,0.0,0.0,0.0,0.0,0.0,0.0,0.0,0.0,50.0,0,0,36,5,9
porous carbon,none,h2so4,0.9,0.0,0.0,0.0,0.0,0.0,0.0,0.0,0.0,0.0,0.0,0.0,0.0,39.0,0,0,36,5,9
porous carbon,none,nacl,1.4,846.5,0.76,7.57,0.0,0.0,0.0,0.0,0.0,0.0,0.0,0.0,0.0,18.31,0,0,36,5,20
porous carbon,none,nacl,1.4,602.6,0.35,3.42,0.0,0.0,0.0,0.0,0.0,0.0,0.0,0.0,0.0,5.31,0,0,36,5,20
porous carbon,none,nacl,1.4,492.9,0.092,3.25,0.0,0.0,0.0,0.0,0.0,0.0,0.0,0.0,0.0,8.51,0,0,36,5,20
graphene,cnt,h2so4,1.0,538.9,0.0,0.0,0.0,0.0,0.0,0.0,0.0,0.0,0.0,0.0,0.0,326.5,1,0,32,2,9
graphene,none,h2so4,1.0,138.2,0.0,0.0,0.0,0.0,0.0,0.0,0.0,0.0,0.0,0.0,0.0,83.0,0,0,32,5,9
graphene,none,bmimbf4,3.5,3100.0,2.14,0.0,0.0,0.0,1.19,0.0,0.0,0.0,0.0,0.0,0.0,165.0,0,0,32,5,0
graphene,none,teabf4,2.7,3100.0,2.14,0.0,0.0,0.0,1.19,0.0,0.0,0.0,0.0,0.0,0.0,150.0,0,0,32,5,23
graphene,none,emitfsi,3.5,3100.0,2.14,0.0,0.0,0.0,1.19,0.0,0.0,0.0,0.0,0.0,0.0,200.0,0,0,32,5,6
graphene,none,bmimbf4,3.5,2675.0,0.0,0.0,0.0,0.0,0.0,0.0,0.0,0.0,0.0,0.0,0.0,156.0,0,0,32,5,0
porous carbon,none,koh,1.0,883.0,0.0,7.0,0.0,0.0,0.0,0.0,3.8,0.0,0.0,0.0,0.0,289.0,0,0,36,5,14
carbon xerogel,cnt,koh,0.9,2158.0,0.68,1.9,0.0,711.0,0.0,0.0,0.0,0.0,0.0,0.0,0.0,176.0,1,0,30,2,14
AC,none,koh,0.8,1759.0,0.93,2.7,0.61,0.0,0.0,0.0,0.0,0.0,0.0,0.0,0.0,218.0,0,0,3,5,14
AC,none,koh,0.8,1452.0,0.81,4.63,0.56,0.0,0.0,0.0,0.0,0.0,0.0,0.0,0.0,127.0,0,0,3,5,14
AC,none,lipf6,2.4,2218.0,1.15,2.25,0.87,0.0,0.0,0.0,0.0,0.0,0.0,0.0,0.0,124.0,0,0,3,5,17
AC,none,lipf6,2.4,1759.0,0.93,2.7,0.61,0.0,0.0,0.0,0.0,0.0,0.0,0.0,0.0,108.0,0,0,3,5,17
AC,none,lipf6,2.4,1622.0,0.86,2.7,0.49,0.0,0.0,0.0,0.0,0.0,0.0,0.0,0.0,105.0,0,0,3,5,17
AC,none,lipf6,2.4,1452.0,0.81,4.63,0.56,0.0,0.0,0.0,0.0,0.0,0.0,0.0,0.0,147.0,0,0,3,5,17
AC,none,et3menbf4,2.4,2218.0,1.15,2.25,0.87,0.0,0.0,0.0,0.0,0.0,0.0,0.0,0.0,112.0,0,0,3,5,7
AC,none,et3menbf4,2.4,1759.0,0.93,2.7,0.61,0.0,0.0,0.0,0.0,0.0,0.0,0.0,0.0,108.0,0,0,3,5,7
AC,none,et3menbf4,2.4,1622.0,0.86,2.7,0.49,0.0,0.0,0.0,0.0,0.0,0.0,0.0,0.0,100.0,0,0,3,5,7
AC,none,et3menbf4,2.4,1452.0,0.81,4.63,0.56,0.0,0.0,0.0,0.0,0.0,0.0,0.0,0.0,120.0,0,0,3,5,7
porous carbon,none,lipf6,2.5,810.0,0.0,0.0,0.0,0.0,1.22,0.0,0.0,0.0,0.0,0.0,0.0,30.0,0,0,36,5,17
porous carbon,cnt,lipf6,2.5,1340.0,0.0,0.0,0.0,0.0,1.08,0.0,0.0,0.0,0.0,0.0,0.0,45.0,1,0,36,2,17
AC,cnt,h2so4,1.0,3160.0,1.58,0.8,0.0,0.0,0.0,0.0,0.0,0.0,0.0,0.0,0.0,295.0,1,0,3,2,9
AC,none,h2so4,1.0,3110.0,1.68,0.7,0.0,0.0,0.0,0.0,0.0,0.0,0.0,0.0,0.0,280.0,0,0,3,5,9
AC,none,h2so4,1.0,2930.0,1.7,0.75,0.0,0.0,0.0,0.0,0.0,0.0,0.0,0.0,0.0,305.0,0,0,3,5,9
AC,none,et4NBF4,2.5,830.0,0.32,0.8,0.0,820.0,0.0,0.0,0.0,0.0,0.0,0.0,0.0,170.0,0,0,3,5,8
porous carbon,none,teabf4,4.0,2025.0,1.12,0.0,0.0,0.0,0.0,0.0,0.0,0.0,0.0,0.0,0.0,120.0,0,0,36,5,23
porous carbon,none,teabf4,4.0,1924.0,1.09,0.0,0.0,0.0,0.0,0.0,0.0,0.0,0.0,0.0,0.0,105.0,0,0,36,5,23
porous carbon,none,teabf4,4.0,1405.0,0.74,0.0,0.0,0.0,0.0,0.0,0.0,0.0,0.0,0.0,0.0,146.0,0,0,36,5,23
CNT,carbon,koh,0.6,1080.0,0.0,0.7,0.0,0.0,1.25,0.0,0.0,0.0,0.0,0.0,0.0,125.0,1,0,9,1,14
CNT,none,koh,0.6,1429.0,0.0,1.6,0.0,0.0,1.075,0.0,0.0,0.0,0.0,0.0,0.0,200.0,0,0,9,5,14
porous carbon,none,hclo4,0.7,0.0,0.0,6.0,0.0,0.0,0.0,6.71,12.06,0.0,0.0,0.0,0.0,200.0,0,0,36,5,13
porous carbon,graphene,koh,1.0,545.8,0.56,4.0,0.0,0.0,0.0,0.0,4.2,0.0,0.0,0.0,0.0,242.0,1,0,36,4,14
porous carbon,graphene,koh,1.0,582.3,0.59,3.9,0.0,0.0,0.0,0.0,0.0,0.0,0.0,0.0,0.0,190.0,1,0,36,4,14
porous carbon,graphene,koh,1.0,485.8,0.5,3.9,0.0,0.0,0.0,0.0,0.0,0.0,0.0,0.0,0.0,170.0,1,0,36,4,14
porous carbon,graphene,koh,1.0,411.7,0.45,3.9,0.0,0.0,0.0,0.0,0.0,0.0,0.0,0.0,0.0,159.0,1,0,36,4,14
porous carbon,graphene,koh,1.0,698.6,0.61,3.9,0.0,0.0,0.0,0.0,0.0,0.0,0.0,0.0,0.0,153.0,1,0,36,4,14
porous carbon,graphene,koh,1.0,507.5,0.53,3.9,0.0,0.0,0.0,0.0,0.0,0.0,0.0,0.0,0.0,173.0,1,0,36,4,14
graphene,none,koh,1.0,321.2,0.23,0.0,0.0,0.0,0.0,0.0,0.0,0.0,0.0,0.0,0.0,95.0,0,0,32,5,14
porous carbon,none,koh,1.0,744.5,0.65,3.5,0.0,0.0,0.0,0.0,0.0,0.0,0.0,0.0,0.0,136.0,0,0,36,5,14
NB-doped graphene,none,h2so4,0.8,249.0,0.0,3.2,0.0,0.0,1.19,3.0,0.0,0.6,0.0,0.0,0.0,239.0,0,0,17,5,9
B-doped graphene,none,h2so4,0.8,0.0,0.0,0.0,0.0,0.0,1.12,0.0,0.0,0.6,0.0,0.0,0.0,228.0,0,0,5,5,9
N-doped graphene,none,h2so4,0.8,0.0,0.0,0.0,0.0,0.0,1.14,3.0,0.0,0.0,0.0,0.0,0.0,190.0,0,0,15,5,9
graphene,none,h2so4,0.8,0.0,0.0,0.0,0.0,0.0,1.05,0.0,0.0,0.0,0.0,0.0,0.0,181.0,0,0,32,5,9
porous carbon,none,h2so4,0.9,2053.0,0.0,6.0,0.0,0.0,0.0,0.0,0.0,0.0,0.0,0.0,0.0,216.0,0,0,36,5,9
porous carbon,none,h2so4,0.9,1854.0,0.0,7.0,0.0,0.0,0.0,0.0,0.0,0.0,0.0,0.0,0.0,251.0,0,0,36,5,9
porous carbon,none,h2so4,0.9,1633.0,0.0,10.0,0.0,0.0,0.0,0.0,0.0,0.0,0.0,0.0,0.0,245.0,0,0,36,5,9
porous carbon,none,h2so4,0.9,312.0,0.0,0.0,0.0,0.0,0.0,0.0,0.0,0.0,0.0,0.0,0.0,42.0,0,0,36,5,9
porous carbon,none,koh,0.8,854.0,1.0,1.2,0.12,269.0,1.0,6.7,4.1,0.0,0.7,5.6,0.0,131.0,0,0,36,5,14
porous carbon,none,koh,0.8,1277.0,1.28,1.2,0.34,757.0,0.0,7.3,7.2,0.0,0.7,0.0,0.0,154.0,0,0,36,5,14
porous carbon,none,koh,0.8,643.0,0.33,1.1,0.28,601.0,0.0,6.6,3.8,0.0,0.8,2.0,0.0,104.0,0,0,36,5,14
porous carbon,none,koh,0.8,588.0,0.34,0.75,0.24,520.0,0.0,5.7,5.4,0.0,0.8,2.3,0.0,112.0,0,0,36,5,14
graphene,none,bmimbf4,3.5,256.0,1.15,0.0,0.0,0.0,0.0,0.0,0.0,0.0,0.0,0.0,0.0,137.0,0,0,32,5,0
graphene,none,emimtfsi,3.5,256.0,1.15,0.0,0.0,0.0,0.0,0.0,0.0,0.0,0.0,0.0,0.0,154.0,0,0,32,5,5
porous carbon,none,koh,1.0,1330.0,1.35,4.05,0.46,981.0,0.0,0.0,0.0,0.0,0.0,0.0,0.0,193.0,0,1,36,5,14
porous carbon,none,koh,1.0,1234.0,0.93,3.01,0.45,1052.0,0.0,0.0,0.0,0.0,0.0,0.0,0.0,185.0,0,1,36,5,14
porous carbon,none,koh,1.0,1157.0,0.69,2.39,0.43,1050.0,0.0,0.0,0.0,0.0,0.0,0.0,0.0,182.0,0,1,36,5,14
porous carbon,none,koh,1.0,348.0,0.58,6.61,0.1,215.0,0.0,0.0,0.0,0.0,0.0,0.0,0.0,114.0,0,1,36,5,14
porous carbon,none,koh,1.0,787.0,1.14,5.81,0.24,533.0,0.0,0.0,0.0,0.0,0.0,0.0,0.0,177.0,0,1,36,5,14
porous carbon,none,et4NBF4,2.7,1330.0,1.35,4.05,0.46,981.0,0.0,0.0,0.0,0.0,0.0,0.0,0.0,112.0,0,0,36,5,8
porous carbon,none,et4NBF4,2.7,1234.0,0.93,3.01,0.45,1052.0,0.0,0.0,0.0,0.0,0.0,0.0,0.0,90.0,0,0,36,5,8
porous carbon,none,et4NBF4,2.7,1157.0,0.69,2.39,0.43,1050.0,0.0,0.0,0.0,0.0,0.0,0.0,0.0,45.0,0,0,36,5,8
porous carbon,none,et4NBF4,2.7,348.0,0.58,6.61,0.1,215.0,0.0,0.0,0.0,0.0,0.0,0.0,0.0,15.0,0,0,36,5,8
porous carbon,none,et4NBF4,2.7,787.0,1.14,5.81,0.24,533.0,0.0,0.0,0.0,0.0,0.0,0.0,0.0,67.0,0,0,36,5,8
graphene,cnt,teabf4,3.0,0.0,0.0,0.0,0.0,0.0,0.0,4.85,7.52,0.0,0.0,0.0,0.0,110.0,1,0,32,2,23
graphene,none,emimtfsi,3.5,3290.0,0.0,1.0,0.0,0.0,0.0,0.0,2.84,0.0,0.0,0.0,0.0,173.0,0,1,32,5,5
graphene,none,lipf6,2.0,466.0,0.6,7.0,0.0,0.0,0.0,2.31,15.69,0.0,0.0,0.0,0.0,110.0,0,1,32,5,17
graphene,none,lipf6,2.0,1040.0,2.6,10.0,0.0,0.0,0.0,5.24,8.0,0.0,0.0,0.0,0.0,210.0,0,1,32,5,17
graphene,cnt,lipf6,2.0,233.0,0.9,0.0,0.0,0.0,0.0,0.0,0.0,0.0,0.0,0.0,0.0,33.0,1,0,32,2,17
CNT,none,lipf6,2.0,176.0,0.7,0.0,0.0,0.0,0.0,0.0,0.0,0.0,0.0,0.0,0.0,15.0,0,0,9,5,17
porous carbon,none,et4NBF4,2.7,2653.0,1.73,1.2,0.0,579.0,0.0,0.0,0.0,0.0,0.0,0.0,0.0,210.0,0,1,36,5,8
porous carbon,none,et4NBF4,2.7,2269.0,1.15,0.7,0.0,752.0,0.0,0.0,0.0,0.0,0.0,0.0,0.0,114.0,0,1,36,5,8
graphene,cnt,h2so4,1.0,33.1,0.0,0.0,0.0,0.0,0.0,0.0,0.0,0.0,0.0,0.0,0.0,252.4,1,0,32,2,9
CNT,none,h2so4,1.0,17.6,0.0,0.0,0.0,0.0,0.0,0.0,0.0,0.0,0.0,0.0,0.0,39.7,0,0,9,5,9
porous carbon,none,h2so4,0.8,673.43,0.36,2.13,0.22,436.3,0.0,0.0,0.0,0.0,0.0,0.0,0.0,325.5,0,0,36,5,9
porous carbon,none,h2so4,0.8,1040.31,0.61,2.35,0.29,586.8,0.0,0.0,0.0,0.0,0.0,0.0,0.0,425.8,0,0,36,5,9
porous carbon,none,h2so4,0.8,593.82,0.37,2.49,0.2,414.47,0.0,0.0,0.0,0.0,0.0,0.0,0.0,394.0,0,0,36,5,9
AC,none,h2so4,0.8,381.64,0.0,0.0,0.0,0.0,0.0,0.0,0.0,0.0,0.0,0.0,0.0,528.0,0,0,3,5,9
AC,none,h2so4,0.8,683.26,0.0,0.0,0.0,0.0,0.0,0.0,0.0,0.0,0.0,0.0,0.0,587.0,0,0,3,5,9
AC,none,h2so4,0.8,559.11,0.0,0.0,0.0,0.0,0.0,0.0,8.43,0.0,0.0,0.0,0.0,420.0,0,0,3,5,9
AC,none,h2so4,1.0,1386.0,0.904,0.7,0.441,0.0,0.0,0.0,7.1,0.0,1.0,0.0,0.0,155.0,0,0,3,5,9
AC,none,h2so4,1.0,1615.0,1.237,0.5,0.545,0.0,0.0,0.0,11.3,0.0,0.3,0.0,0.0,175.0,0,0,3,5,9
AC,none,h2so4,1.0,1766.0,1.527,0.7,0.537,0.0,0.0,0.0,13.5,0.0,0.0,0.0,0.0,210.0,0,0,3,5,9
AC,graphene,h2so4,1.0,775.0,0.54,0.5,0.271,0.0,0.0,0.0,8.5,0.0,1.7,0.0,0.0,155.0,1,0,3,4,9
AC,graphene,h2so4,1.0,1231.0,1.437,0.7,0.269,0.0,0.0,0.0,9.2,0.0,1.7,0.0,0.0,185.0,1,0,3,4,9
AC,graphene,h2so4,1.0,1315.0,0.886,0.5,0.435,0.0,0.0,0.0,11.4,0.0,0.0,0.0,0.0,240.0,1,0,3,4,9
AC,graphene,h2so4,1.0,783.0,0.608,0.7,0.244,0.0,0.0,0.0,10.7,0.0,0.9,0.0,0.0,150.0,1,0,3,4,9
AC,graphene,h2so4,1.0,1083.0,0.87,0.7,0.317,0.0,0.0,0.0,11.7,0.0,0.8,0.0,0.0,190.0,1,0,3,4,9
AC,graphene,h2so4,1.0,1162.0,0.868,0.7,0.369,0.0,0.0,0.0,11.3,0.0,0.0,0.0,0.0,210.0,1,0,3,4,9
graphene,none,h2so4,0.8,682.0,0.72,4.0,0.0,0.0,1.62,0.0,10.75,0.0,0.0,0.0,0.0,100.0,0,1,32,5,9
graphene,none,h2so4,0.8,1383.0,1.2,1.0,0.0,0.0,1.3,0.0,9.0,0.0,0.0,0.0,0.0,160.0,0,1,32,5,9
porous carbon,none,teabf4,2.0,754.0,0.4,0.0,0.147,0.0,0.0,0.0,0.9,0.0,0.0,0.0,0.0,38.0,0,0,36,5,23
porous carbon,none,teabf4,2.0,364.0,0.195,0.0,0.047,0.0,0.0,0.0,4.2,0.0,0.0,0.0,0.0,20.0,0,0,36,5,23
porous carbon,none,h2so4,1.0,1180.0,1.56,7.0,0.0,0.0,0.9,0.0,0.0,0.0,0.0,0.0,0.0,241.0,0,0,36,5,9
graphene,cnt,koh,0.8,0.0,0.0,0.0,0.0,0.0,0.33,0.0,0.0,0.0,0.0,0.0,0.0,104.0,1,0,32,2,14
porous carbon,none,koh,0.7,592.0,0.94,0.0,0.0,0.0,0.0,0.0,0.0,0.0,0.0,0.0,0.0,71.0,0,0,36,5,14
porous carbon,none,koh,0.7,996.0,1.1,3.9,0.0,0.0,0.0,0.0,0.0,0.0,0.0,0.0,0.0,116.0,0,0,36,5,14
porous carbon,none,koh,0.7,1097.0,1.25,3.9,0.0,0.0,0.0,0.0,0.0,0.0,0.0,0.0,0.0,124.0,0,0,36,5,14
porous carbon,none,koh,0.7,1269.0,1.25,3.9,0.0,0.0,0.0,0.0,0.0,0.0,0.0,0.0,0.0,147.0,0,0,36,5,14
porous carbon,none,na2so4,1.0,1130.0,2.188,3.0,0.0,0.0,1.18,0.0,0.0,0.0,0.0,0.0,0.0,132.0,0,0,36,5,19
N-doped carbon,none,koh,1.2,1578.0,1.092,0.0,0.0,1133.0,0.0,0.68,16.4,0.0,0.0,0.0,0.0,310.0,0,0,13,5,14
N-doped carbon,none,h2so4,1.0,1578.0,1.092,0.0,0.0,1133.0,0.0,0.68,16.4,0.0,0.0,0.0,0.0,305.0,0,0,13,5,9
porous carbon,none,h2so4,1.0,345.8,0.476,0.0,0.0,0.0,0.0,0.0,0.0,0.0,0.0,0.0,0.0,210.0,0,1,36,5,9
porous carbon,none,h2so4,1.0,379.9,0.513,0.0,0.0,0.0,1.15,1.53,3.1,0.0,0.0,0.0,0.0,227.0,0,1,36,5,9
porous carbon,none,h2so4,1.0,1332.4,0.77,0.0,0.0,955.0,0.0,0.0,0.0,0.0,0.0,0.0,0.0,85.0,0,1,36,5,9
porous carbon,none,h2so4,1.0,1957.0,1.5,0.0,0.0,687.3,0.0,0.0,0.0,0.0,0.0,0.0,0.0,315.0,0,1,36,5,9
porous carbon,none,h2so4,1.0,2005.9,1.6,0.55,0.0,1104.3,1.12,0.1,6.27,0.0,0.0,0.0,0.0,319.0,0,1,36,5,9
porous carbon,none,emimbf4,3.5,1332.4,0.77,0.0,0.0,955.0,0.0,0.0,0.0,0.0,0.0,0.0,0.0,83.5,0,1,36,5,4
porous carbon,none,emimbf4,3.5,1957.0,1.5,0.0,0.0,687.3,0.0,0.0,0.0,0.0,0.0,0.0,0.0,110.0,0,1,36,5,4
porous carbon,none,emimbf4,3.5,2005.9,1.6,0.55,0.0,1104.3,1.12,0.1,6.27,0.0,0.0,0.0,0.0,140.0,0,1,36,5,4
porous carbon,none,koh,1.0,1427.7,5.91,0.568,0.223,510.4,0.0,3.73,4.07,0.0,0.0,0.0,0.0,378.5,0,0,36,5,14
porous carbon,none,koh,1.0,1036.6,4.76,0.563,0.12,268.8,0.0,1.8,4.37,0.0,0.0,0.0,0.0,263.4,0,0,36,5,14
N-doped porous carbon,none,koh,1.0,3034.8,0.0,1.17,0.0,0.0,3.255,5.08,11.91,0.0,0.0,0.0,0.0,189.0,0,0,16,5,14
N-doped porous carbon,none,koh,1.0,3384.3,0.0,1.17,0.0,0.0,4.182,5.67,11.64,0.0,0.0,0.0,0.0,219.0,0,0,16,5,14
N-doped porous carbon,none,koh,1.0,3124.4,0.0,1.17,0.0,0.0,2.739,2.34,3.93,0.0,0.0,0.0,0.0,270.0,0,0,16,5,14
N-doped porous carbon,none,koh,1.0,3336.7,0.0,1.17,0.0,0.0,3.412,0.63,3.53,0.0,0.0,0.0,0.0,247.0,0,0,16,5,14
graphene,none,koh,1.0,343.0,1.6,0.62,0.14,0.0,1.38,0.0,1.54,0.0,0.0,0.0,0.0,7.86,0,0,32,5,14
B-doped graphene,none,koh,1.0,301.0,1.5,0.62,0.12,0.0,1.25,0.0,3.67,2.56,0.0,0.0,0.0,19.9,0,0,5,5,14
N-doped graphene,none,koh,1.0,342.0,1.59,0.62,0.14,0.0,1.22,0.54,1.8,0.0,0.0,0.0,0.0,22.2,0,0,15,5,14
NB-doped graphene,none,koh,1.0,341.0,1.34,0.62,0.14,0.0,1.03,1.02,2.85,2.39,0.0,0.0,0.0,29.7,0,0,17,5,14
graphene,none,h2so4,1.0,343.0,1.6,0.62,0.14,0.0,1.38,0.0,1.54,0.0,0.0,0.0,0.0,2.59,0,0,32,5,9
B-doped graphene,none,h2so4,1.0,301.0,1.5,0.62,0.12,0.0,1.25,0.0,3.67,2.56,0.0,0.0,0.0,34.6,0,0,5,5,9
N-doped graphene,none,h2so4,1.0,342.0,1.59,0.62,0.14,0.0,1.22,0.54,1.8,0.0,0.0,0.0,0.0,10.6,0,0,15,5,9
NB-doped graphene,none,h2so4,1.0,341.0,1.34,0.62,0.14,0.0,1.03,1.02,2.85,2.39,0.0,0.0,0.0,29.6,0,0,17,5,9
nanofiber,none,koh,1.0,0.0,0.0,0.0,0.0,0.0,0.93,0.0,0.0,0.0,0.0,0.0,0.0,180.0,0,0,34,5,14
nanofiber,none,koh,1.0,0.0,0.0,0.0,0.0,0.0,0.92,0.0,0.0,0.0,0.0,0.0,0.0,225.0,0,0,34,5,14
nanofiber,none,koh,1.0,659.0,0.0,0.58,0.0,0.0,0.93,3.01,9.01,0.0,0.0,0.0,0.0,325.0,0,0,34,5,14
nanofiber,none,koh,1.0,0.0,0.0,0.0,0.0,0.0,0.95,0.0,0.0,0.0,0.0,0.0,0.0,175.0,0,0,34,5,14
AC,none,koh,0.9,552.0,0.38,3.0,0.13,0.0,2.64,0.0,0.0,0.0,0.0,0.0,0.0,140.0,0,0,3,5,14
AC,none,koh,0.9,1616.0,0.86,2.1,0.38,0.0,4.54,0.0,0.0,0.0,0.0,0.0,0.0,173.0,0,0,3,5,14
AC,none,koh,0.9,2490.0,1.7,2.5,0.43,0.0,0.55,0.0,0.0,0.0,0.0,0.0,0.0,283.0,0,0,3,5,14
porous carbon,none,koh,1.0,803.0,5.5,0.0,0.0,0.0,0.0,0.0,5.68,0.0,0.0,0.0,0.0,150.0,0,0,36,5,14
graphene,none,koh,1.0,406.0,0.2,4.3,0.0,0.0,0.0,0.0,30.74,0.0,0.0,0.0,0.0,275.0,0,0,32,5,14
porous carbon,graphene,koh,1.0,460.0,0.36,7.3,0.0,0.0,0.0,0.0,11.82,0.0,0.0,0.0,0.0,324.0,1,0,36,4,14
3D porous carbon,none,koh,1.0,477.0,0.23,1.96,0.0,412.0,1.01,0.0,0.0,0.0,0.0,0.0,0.0,80.0,0,0,2,5,14
3D porous carbon,none,koh,1.0,1734.0,0.82,1.87,0.0,1511.0,0.0,0.0,0.0,0.0,0.0,0.0,0.0,220.0,0,0,2,5,14
3D porous carbon,none,koh,1.0,2753.0,1.54,2.23,0.0,2131.0,1.12,0.0,0.0,0.0,0.0,0.0,0.0,307.0,0,0,2,5,14
3D porous carbon,none,koh,1.0,2086.0,1.1,2.1,0.0,1635.0,0.0,0.0,0.0,0.0,0.0,0.0,0.0,250.0,0,0,2,5,14
3D carbon,graphene,koh,1.0,178.0,2.86,0.0,0.04,76.0,1.69,0.0,0.0,0.0,0.0,0.0,0.0,126.0,1,1,0,4,14
3D carbon,graphene,koh,1.0,1288.0,0.82,2.6,0.36,673.0,1.69,0.0,0.0,0.0,0.0,0.0,0.0,241.0,1,1,0,4,14
3D carbon,graphene,koh,1.0,2034.0,1.78,3.5,0.28,514.0,1.93,0.0,0.0,0.0,0.0,0.0,0.0,275.0,1,1,0,4,14
3D carbon,none,emimbf4,3.0,178.0,2.86,0.0,0.04,76.0,1.69,0.0,0.0,0.0,0.0,0.0,0.0,58.0,0,0,0,5,4
3D carbon,none,emimbf4,3.0,1288.0,0.82,2.6,0.36,673.0,1.69,0.0,0.0,0.0,0.0,0.0,0.0,100.0,0,0,0,5,4
3D carbon,none,emimbf4,3.0,2034.0,1.78,3.5,0.28,514.0,1.93,0.0,0.0,0.0,0.0,0.0,0.0,151.7,0,0,0,5,4
porous carbon,none,koh,1.2,880.0,0.44,0.6,0.3,0.0,0.0,0.2,14.2,1.02,0.0,0.0,0.0,146.0,0,1,36,5,14
porous carbon,none,koh,1.2,1513.0,0.8,0.64,0.46,0.0,0.0,0.2,14.26,1.02,0.0,0.0,0.0,159.0,0,1,36,5,14
porous carbon,none,koh,1.2,1916.0,1.36,0.93,0.39,0.0,0.0,0.2,12.9,1.02,0.0,0.0,0.0,190.0,0,1,36,5,14
porous carbon,none,koh,1.2,2926.0,1.45,0.79,1.14,0.0,0.0,0.2,7.67,1.02,0.0,0.0,0.0,280.0,0,1,36,5,14
porous carbon,none,koh,1.2,836.0,0.5,0.67,0.27,0.0,0.0,0.0,0.0,0.0,0.0,0.0,0.0,80.0,0,1,36,5,14
porous carbon,none,teabf4,2.0,2926.0,1.45,0.79,1.14,0.0,0.0,0.2,7.67,1.02,0.0,0.0,0.0,142.0,0,1,36,5,23
porous carbon,none,emimbf4,2.0,2926.0,1.45,0.79,1.14,0.0,0.0,0.2,7.67,1.02,0.0,0.0,0.0,156.0,0,1,36,5,4
porous carbon,none,bmimbf4,2.0,2926.0,1.45,0.79,1.14,0.0,0.0,0.2,7.67,1.02,0.0,0.0,0.0,167.0,0,1,36,5,0
porous carbon,none,teabf4,2.0,2926.0,1.45,0.79,1.14,0.0,0.0,0.2,7.67,1.02,0.0,0.0,0.0,125.0,0,1,36,5,23
porous carbon,none,emimtfsi,2.0,2926.0,1.45,0.79,1.14,0.0,0.0,0.2,7.67,1.02,0.0,0.0,0.0,203.0,0,1,36,5,5
porous carbon,none,koh,1.2,2325.0,1.1,0.0,0.88,0.0,0.0,0.0,0.0,0.0,0.0,0.0,0.0,203.0,0,1,36,5,14
porous carbon,none,koh,1.2,2857.0,1.44,0.0,1.11,0.0,0.0,0.0,0.0,0.0,0.0,0.0,0.0,240.0,0,1,36,5,14
N-doped carbon,none,koh,1.0,521.0,0.38,0.0,0.0,459.1,1.0,7.3,10.7,0.0,0.0,0.0,0.0,273.0,0,1,13,5,14
N-doped carbon,none,koh,1.0,1217.1,0.46,0.0,0.0,1073.5,1.0,6.3,15.2,0.0,0.0,0.0,0.0,556.0,0,1,13,5,14
N-doped carbon,none,koh,1.0,1405.6,0.73,0.0,0.0,1211.3,1.0,4.2,13.6,0.0,0.0,0.0,0.0,420.0,0,1,13,5,14
AC,none,koh,1.0,1840.3,1.17,0.0,0.0,1186.7,1.0,0.0,4.5,0.0,0.0,0.0,0.0,180.0,0,1,3,5,14
N-doped carbon,none,h2so4,1.0,521.0,0.38,0.0,0.0,459.1,1.0,7.3,10.7,0.0,0.0,0.0,0.0,227.0,0,0,13,5,9
N-doped carbon,none,h2so4,1.0,1217.1,0.46,0.0,0.0,1073.5,1.0,6.3,15.2,0.0,0.0,0.0,0.0,525.0,0,0,13,5,9
N-doped carbon,none,h2so4,1.0,1405.6,0.73,0.0,0.0,1211.3,1.0,4.2,13.6,0.0,0.0,0.0,0.0,409.0,0,0,13,5,9
AC,none,h2so4,1.0,1840.3,1.17,0.0,0.0,1186.7,1.0,0.0,4.5,0.0,0.0,0.0,0.0,182.0,0,0,3,5,9
rgo,none,koh,1.0,305.1,2.5,0.0,0.0,0.0,0.0,0.0,4.81,0.0,0.0,0.0,0.0,89.0,0,1,38,5,14
porous graphene,none,koh,1.0,124.5,1.1,0.0,0.0,0.0,0.81,0.0,10.1,0.0,0.0,0.0,0.0,112.0,0,1,37,5,14
porous graphene,none,koh,1.0,427.3,2.8,0.0,0.0,0.0,1.12,0.0,8.19,0.0,0.0,0.0,0.0,143.0,0,1,37,5,14
porous graphene,none,koh,1.0,1218.5,5.3,0.0,0.0,0.0,1.73,0.0,3.95,0.0,0.0,0.0,0.0,291.0,0,1,37,5,14
porous carbon,none,koh,1.0,686.8,0.91,5.3,0.25,0.0,0.0,0.0,0.0,0.0,0.0,0.0,0.0,111.0,0,1,36,5,14
porous carbon,none,koh,1.0,1076.9,1.46,5.4,0.41,0.0,0.0,0.0,0.0,0.0,0.0,0.0,0.0,175.0,0,1,36,5,14
porous carbon,none,koh,1.0,363.0,0.73,8.1,0.12,0.0,0.0,0.0,0.0,0.0,0.0,0.0,0.0,86.0,0,1,36,5,14
porous carbon,none,koh,1.0,521.0,0.74,5.7,0.19,0.0,0.0,0.0,0.0,0.0,0.0,0.0,0.0,91.0,0,1,36,5,14
graphene,cnt,koh,0.9,263.0,0.28,4.7,0.0,0.0,1.03,0.0,0.0,0.0,0.0,0.0,0.0,162.3,1,0,32,2,14
S-doped porous carbon,none,h2so4,1.0,700.0,0.473,0.211,0.161,0.0,0.0,0.0,10.7,0.0,2.9,0.0,0.0,138.0,0,0,22,5,9
S-doped porous carbon,graphene,h2so4,1.0,755.0,0.587,0.271,0.21,0.0,0.0,0.0,10.0,0.0,2.6,0.0,0.0,178.0,1,0,22,4,9
S-doped porous carbon,graphene,h2so4,1.0,831.0,0.589,0.283,0.217,0.0,0.0,0.0,11.2,0.0,3.1,0.0,0.0,144.0,1,0,22,4,9
S-doped porous carbon,graphene,h2so4,1.0,847.0,0.605,0.307,0.237,0.0,0.0,0.0,8.9,0.0,2.6,0.0,0.0,157.0,1,0,22,4,9
CNT,none,h2so4,0.8,272.0,0.68,0.0,0.05,0.0,0.0,0.0,0.0,0.0,0.0,0.0,0.0,20.0,0,0,9,5,9
N-doped carbon,cnt,h2so4,0.8,200.0,0.45,0.0,0.04,0.0,0.0,1.8,0.0,0.0,0.0,0.0,0.0,50.0,1,0,13,2,9
N-doped carbon,cnt,h2so4,0.8,172.0,0.45,0.0,0.03,0.0,0.0,2.5,0.0,0.0,0.0,0.0,0.0,56.0,1,0,13,2,9
N-doped carbon,none,koh,1.0,1305.0,0.586,1.0,0.505,1255.0,0.0,2.42,32.64,0.0,0.0,0.0,0.0,199.0,0,1,13,5,14
N-doped carbon,none,koh,1.0,1505.0,0.679,1.0,0.588,1443.0,0.0,2.35,21.31,0.0,0.0,0.0,0.0,214.0,0,1,13,5,14
N-doped carbon,none,koh,1.0,1586.0,0.795,1.0,0.688,1499.0,0.0,2.09,10.22,0.0,0.0,0.0,0.0,232.0,0,1,13,5,14
N-doped carbon,none,koh,1.0,1598.0,0.862,1.0,0.737,1508.0,0.0,1.89,7.91,0.0,0.0,0.0,0.0,221.0,0,1,13,5,14
N-doped carbon,none,koh,1.0,1424.0,0.784,1.0,0.663,1334.0,0.0,1.68,7.23,0.0,0.0,0.0,0.0,176.0,0,1,13,5,14
CNT,none,na2so4,1.8,325.48,0.24,5.32,0.09,0.0,0.0,0.0,4.43,0.0,0.0,0.0,0.0,29.0,0,0,9,5,19
N-doped AC,cnt,na2so4,1.8,489.39,0.37,6.23,0.11,0.0,0.0,0.0,0.0,0.0,0.0,0.0,0.0,78.0,1,0,12,2,19
N-doped AC,cnt,na2so4,1.8,1889.12,1.72,3.78,0.61,0.0,0.0,6.71,7.89,0.0,2.28,0.0,0.0,105.4,1,0,12,2,19
porous carbon,none,h2so4,0.6,676.95,0.424,1.2,0.254,620.21,0.0,0.0,0.0,0.0,0.0,0.0,0.0,340.0,0,1,36,5,9
porous carbon,none,h2so4,0.6,376.65,0.324,1.0,0.196,330.19,0.0,0.0,0.0,0.0,0.0,0.0,0.0,112.0,0,0,36,5,9
porous carbon,none,h2so4,0.6,549.78,0.338,1.0,0.192,459.41,0.0,0.0,0.0,0.0,0.0,0.0,0.0,92.0,0,1,36,5,9
porous carbon,none,h2so4,0.6,349.98,0.238,0.9,0.152,279.41,0.0,0.0,0.0,0.0,0.0,0.0,0.0,56.0,0,0,36,5,9
porous graphene,none,koh,0.9,1754.0,2.81,3.0,0.0,0.0,0.0,0.0,0.0,0.0,0.0,0.0,0.0,303.0,0,0,37,5,14
unknown,none,teabf4,2.5,1754.0,2.81,3.0,0.0,0.0,0.0,0.0,0.0,0.0,0.0,0.0,0.0,140.0,0,0,39,5,23
N-doped porous carbon,none,koh,0.9,2080.0,1.23,1.89,0.0,0.0,0.0,2.8,12.4,0.0,0.0,0.0,0.0,270.0,0,0,16,5,14
RGO,cnt,h2so4,1.0,0.0,0.0,0.0,0.0,0.0,0.0,0.0,0.0,0.0,0.0,0.0,0.0,187.0,1,0,21,2,9
porous carbon,none,koh,1.2,745.0,0.83,1.0,0.23,0.0,0.0,0.0,0.0,0.0,0.0,0.0,0.0,181.0,0,0,36,5,14
porous carbon,none,koh,1.2,1026.0,1.71,3.2,0.16,0.0,0.0,0.0,0.0,0.0,0.0,0.0,0.0,175.0,0,0,36,5,14
porous carbon,none,koh,1.2,721.0,1.68,17.0,0.15,0.0,0.0,0.0,0.0,0.0,0.0,0.0,0.0,164.0,0,0,36,5,14
graphene,cnt,koh,1.0,123.78,0.0,0.82,0.0,0.0,0.0,0.0,2.71,0.0,0.0,0.0,0.0,145.0,1,0,32,2,14
graphene,none,koh,1.0,311.05,0.0,0.0,0.0,0.0,0.0,0.0,0.0,0.0,0.0,0.0,0.0,170.0,0,0,32,5,14
graphene,none,koh,1.0,128.54,0.0,0.0,0.0,0.0,0.0,0.0,0.0,0.0,0.0,0.0,0.0,143.0,0,0,32,5,14
carbon,none,teabf4,4.0,179.1,0.1,0.0,0.0,0.0,0.0,0.1,5.87,0.0,0.0,0.0,0.0,166.0,0,0,23,5,23
carbon,none,teabf4,4.0,86.8,0.05,0.0,0.0,0.0,0.0,0.23,5.23,0.0,0.0,0.0,0.0,139.7,0,0,23,5,23
carbon,none,teabf4,4.0,37.6,0.01,0.0,0.0,0.0,0.0,0.15,5.11,0.0,0.0,0.0,0.0,72.6,0,0,23,5,23
porous carbon,none,na2so4,1.0,1800.0,1.2,0.63,0.0,0.0,0.0,0.0,0.0,0.0,0.0,0.0,0.0,133.0,0,0,36,5,19
porous carbon,none,koh,1.0,455.0,0.33,0.46,0.23,0.0,0.98,0.0,0.0,0.0,0.0,0.0,0.0,127.6,0,1,36,5,14
porous carbon,none,koh,1.0,686.0,0.5,0.49,0.32,0.0,0.934,0.0,0.0,0.0,0.0,0.0,0.0,200.72,0,1,36,5,14
porous carbon,none,koh,1.0,783.0,0.56,0.5,0.37,0.0,0.926,0.0,0.0,0.0,0.0,0.0,0.0,226.2,0,1,36,5,14
porous carbon,none,koh,1.0,799.0,0.54,0.51,0.39,0.0,0.877,0.0,0.0,0.0,0.0,0.0,0.0,135.4,0,1,36,5,14
porous carbon,none,koh,1.0,640.0,0.47,0.48,0.33,0.0,0.952,0.0,0.0,0.0,0.0,0.0,0.0,182.0,0,1,36,5,14
porous carbon,none,koh,1.0,566.0,0.4,0.48,0.29,0.0,0.926,0.0,0.0,0.0,0.0,0.0,0.0,99.2,0,1,36,5,14
porous carbon,none,koh,1.0,515.0,0.36,0.49,0.21,0.0,0.926,0.0,0.0,0.0,0.0,0.0,0.0,144.8,0,1,36,5,14
porous carbon,none,koh,1.0,406.0,0.29,0.51,0.22,0.0,0.926,0.0,0.0,0.0,0.0,0.0,0.0,198.0,0,1,36,5,14
porous carbon,none,koh,1.0,672.0,0.38,1.56,0.34,654.0,0.0,0.0,10.48,0.0,0.0,0.0,0.0,300.4,0,0,36,5,14
porous carbon,none,koh,1.0,1023.0,0.56,1.2,0.52,1006.0,0.0,0.0,8.96,0.0,0.0,0.0,0.0,272.3,0,0,36,5,14
porous carbon,none,koh,1.0,1380.0,0.78,1.25,0.59,1169.0,0.0,0.0,8.17,0.0,0.0,0.0,0.0,243.4,0,0,36,5,14
porous carbon,none,koh,1.0,2008.0,3.44,1.4,0.27,447.0,0.0,0.0,0.0,0.0,0.0,0.0,0.0,288.3,0,0,36,5,14
porous carbon,none,emimbf4,3.0,2008.0,3.44,1.4,0.27,447.0,0.0,0.0,0.0,0.0,0.0,0.0,0.0,132.3,0,0,36,5,4
porous carbon,none,h2so4,1.0,705.9,0.0,0.0,0.0,0.0,0.0,19.8,11.1,0.0,0.0,0.0,0.0,411.8,0,0,36,5,9
porous carbon,none,h2so4,1.0,212.4,0.0,0.0,0.0,0.0,0.0,15.8,4.0,0.0,0.0,0.0,0.0,272.0,0,0,36,5,9
porous carbon,none,koh,0.9,312.0,0.26,0.0,0.12,0.0,0.78,1.2,5.6,0.0,0.0,0.0,0.0,125.0,0,0,36,5,14
porous carbon,none,koh,0.9,1588.0,1.01,0.0,0.74,0.0,0.84,5.3,9.3,0.0,0.0,0.0,0.0,240.4,0,0,36,5,14
porous carbon,none,koh,0.9,2665.0,1.46,0.0,1.18,0.0,0.81,1.1,10.9,0.0,0.0,0.0,0.0,279.1,0,0,36,5,14
porous carbon,none,koh,0.9,2856.0,1.25,0.0,1.1,0.0,0.83,2.2,11.1,0.0,0.0,0.0,0.0,386.2,0,0,36,5,14
porous carbon,none,koh,0.9,3253.0,1.72,0.0,1.08,0.0,0.86,0.9,7.1,0.0,0.0,0.0,0.0,365.9,0,0,36,5,14
nanosheet,none,h2so4,1.0,7.91,0.0018,0.0,0.0,5.24,0.68,0.6,1.9,0.0,0.0,0.0,0.0,2.1,0,0,35,5,9
nanosheet,none,h2so4,1.0,543.68,0.25,0.0,0.0,539.98,0.89,1.2,8.5,0.0,0.0,0.0,0.0,221.3,0,0,35,5,9
porous carbon,none,h2so4,1.0,1092.0,0.0,0.0,0.0,0.0,0.67,0.0,3.5,0.0,0.0,0.0,0.0,91.0,0,0,36,5,9
porous carbon,none,h2so4,1.0,519.0,0.0,0.0,0.0,0.0,1.24,0.0,6.8,0.0,0.0,0.0,0.0,35.0,0,0,36,5,9
porous carbon,none,h2so4,1.0,126.0,0.0,0.0,0.0,0.0,2.37,1.2,14.5,0.0,0.0,0.0,0.0,3.0,0,0,36,5,9
graphene,none,koh,1.0,8.6,0.032,0.0,0.0,0.0,0.0,0.0,37.5,0.0,0.0,0.0,0.0,270.0,0,0,32,5,14
graphene,none,koh,1.0,7.24,0.021,0.0,0.0,0.0,0.0,0.0,36.31,0.0,0.0,0.0,0.0,353.0,0,0,32,5,14
graphene,none,koh,1.0,12.86,0.043,0.0,0.0,0.0,0.0,0.0,31.51,0.0,0.0,0.0,0.0,280.0,0,0,32,5,14
graphene,none,koh,1.0,15.79,0.057,0.0,0.0,0.0,0.0,0.0,28.06,0.0,0.0,0.0,0.0,170.0,0,0,32,5,14
graphene,none,koh,1.0,6.24,0.017,0.0,0.0,0.0,0.0,0.0,23.06,0.0,0.0,0.0,0.0,276.0,0,0,32,5,14
porous carbon,none,h2so4,1.0,3270.0,1.94,1.5,0.0,149.3,0.0,0.0,3.8,0.0,0.0,0.0,0.0,425.0,0,1,36,5,9
porous carbon,none,teabf4,2.0,3270.0,1.94,1.5,0.0,149.3,0.0,0.0,3.8,0.0,0.0,0.0,0.0,210.0,0,0,36,5,23
porous carbon,none,teabf4,2.0,2170.0,1.02,0.6,0.0,1173.0,0.0,0.0,0.0,0.0,0.0,0.0,0.0,132.0,0,0,36,5,23
porous carbon,none,h2so4,0.6,1230.0,0.0,2.13,0.0,0.0,0.0,0.0,0.0,0.0,0.0,0.0,0.0,181.0,0,0,36,5,9
unknown,none,koh,1.0,1015.4,0.0,3.87,0.0,0.0,1.07,5.04,8.76,0.0,0.0,0.0,0.0,440.0,0,0,39,5,14
porous graphene,none,koh,1.0,715.0,0.99,1.53,0.0,0.0,1.47,0.0,0.0,0.0,0.0,0.0,0.0,177.0,0,0,37,5,14
graphene,none,koh,1.0,220.0,0.45,0.0,0.0,0.0,1.43,0.0,0.0,0.0,0.0,0.0,0.0,99.0,0,0,32,5,14
graphene,cnt,koh,1.0,811.5,0.0,0.0,0.0,0.0,0.9,0.0,0.0,0.9,0.0,0.0,0.0,212.7,1,0,32,2,14
graphene,none,koh,1.0,891.2,0.0,0.0,0.0,0.0,1.02,0.0,0.0,1.02,0.0,0.0,0.0,116.6,0,0,32,5,14
AC,none,koh,1.3,1642.0,0.72,1.17,0.0,0.0,0.74,0.0,0.0,0.74,0.0,0.0,0.0,234.0,0,1,3,5,14
AC,none,koh,1.3,2823.0,1.47,1.17,0.0,0.0,0.76,0.0,0.0,0.76,0.0,0.0,0.0,316.0,0,1,3,5,14
AC,none,koh,1.3,2094.0,1.19,1.17,0.0,0.0,1.11,0.0,0.0,1.11,0.0,0.0,0.0,224.0,0,1,3,5,14
CNT,none,unknown,1.0,1889.12,1.72,1.7,0.0,0.0,0.0,0.0,0.0,0.0,0.0,0.0,0.0,145.0,0,0,9,5,25
CNT,none,unknown,1.0,1889.12,1.72,1.7,0.0,0.0,0.0,0.0,0.0,0.0,0.0,0.0,0.0,103.0,0,0,9,5,25
3D carbon,none,koh,1.0,376.3,0.205,2.181,0.134,332.0,0.0,0.0,0.0,0.0,0.0,0.0,0.0,240.0,0,0,0,5,14
3D carbon,none,koh,1.0,1563.0,0.876,2.242,0.695,1452.0,0.0,0.0,0.0,0.0,0.0,0.0,0.0,245.0,0,0,0,5,14
3D carbon,none,koh,1.0,986.7,0.442,1.791,0.378,943.1,0.0,0.0,0.0,0.0,0.0,0.0,0.0,314.0,0,0,0,5,14
3D carbon,none,koh,1.0,1221.0,0.664,2.176,0.528,1124.0,0.0,0.0,0.0,0.0,0.0,0.0,0.0,290.0,0,0,0,5,14
3D carbon,none,h2so4,1.0,4073.0,2.26,0.0,0.0,0.0,1.121,0.55,17.88,0.0,0.0,0.0,0.0,225.0,0,1,0,5,9
porous carbon,none,koh,1.0,2340.0,0.0,2.7,0.0,0.0,0.0,0.0,0.0,0.0,0.0,0.0,0.0,280.0,0,0,36,5,14
N-doped AC,none,koh,1.0,300.0,0.35,0.0,0.0,0.0,0.0,6.88,5.95,0.0,0.0,0.0,1.12,114.0,0,1,12,5,14
N-doped AC,none,koh,1.0,1098.5,0.61,0.0,0.0,0.0,0.0,5.97,12.76,0.0,0.0,0.0,0.98,332.0,0,1,12,5,14
N-doped AC,none,koh,1.0,1134.2,0.66,0.0,0.0,0.0,0.0,4.83,13.9,0.0,0.0,0.0,0.78,310.0,0,1,12,5,14
N-doped AC,none,koh,1.0,871.7,0.55,0.0,0.0,0.0,0.0,3.42,17.69,0.0,0.0,0.0,0.41,234.0,0,1,12,5,14
N-doped AC,none,emibf4,3.0,1098.5,0.61,0.0,0.0,0.0,0.0,5.97,12.76,0.0,0.0,0.0,0.98,120.0,0,0,12,5,3
CDC,none,koh,1.0,1489.0,0.646,1.14,0.554,0.0,2.37,0.0,0.0,0.0,0.0,0.0,0.0,191.0,0,0,7,5,14
CDC,none,koh,1.0,1684.0,1.162,0.0,0.203,0.0,1.46,0.0,0.0,0.0,0.0,0.0,0.0,140.0,0,0,7,5,14
AC,none,koh,1.0,1383.0,0.99,1.98,0.75,0.0,0.0,0.0,0.0,0.0,0.0,0.0,0.0,125.0,0,0,3,5,14
carbon,none,koh,1.0,1651.0,1.14,2.87,0.19,0.0,0.0,0.0,0.0,0.0,0.0,0.0,0.0,160.0,0,0,23,5,14
carbon,none,koh,1.0,2859.0,1.39,2.0,0.89,0.0,0.0,0.0,0.0,0.0,0.0,0.0,0.0,272.0,0,0,23,5,14
porous carbon,cnt,h2so4,0.9,1020.0,0.45,0.0,0.38,762.0,0.0,0.0,0.0,0.0,0.0,0.0,0.0,131.8,1,0,36,2,9
porous carbon,cnt,h2so4,0.9,1240.0,0.79,0.0,0.47,1109.0,0.0,0.0,0.0,0.0,0.0,0.0,0.0,177.3,1,0,36,2,9
porous carbon,cnt,h2so4,0.9,1598.0,0.81,0.0,0.61,1458.0,0.0,0.0,0.0,0.0,0.0,0.0,0.0,210.7,1,0,36,2,9
porous carbon,cnt,h2so4,0.9,1705.0,0.82,0.0,0.75,1582.0,0.0,0.0,0.0,0.0,0.0,0.0,0.0,237.0,1,0,36,2,9
CNT,go,h2so4,1.0,0.0,0.0,0.0,0.0,0.0,1.18,0.0,0.0,0.0,0.0,0.0,0.0,252.0,1,0,9,3,9
NF-doped carbon,none,koh,1.0,1.9,0.0,0.0,0.0,0.0,1.01,9.89,5.75,0.0,0.0,0.0,0.0,153.3,0,0,18,5,14
NF-doped carbon,none,koh,1.0,1.4,0.015,0.55,0.0,0.0,0.88,8.76,4.24,0.0,0.0,0.0,0.0,189.0,0,0,18,5,14
NF-doped carbon,none,h2so4,1.0,1.4,0.015,0.55,0.0,0.0,0.88,8.76,4.24,0.0,0.0,0.0,0.0,270.0,0,0,18,5,9
3D graphene,none,h2so4,0.9,0.0,0.0,10.0,0.0,0.0,1.21,0.0,0.6,0.0,0.0,0.0,0.0,95.0,0,0,1,5,9
3D graphene,none,h2so4,0.9,1591.0,2.62,5.5,0.0,0.0,2.51,0.0,4.62,0.0,0.0,0.0,0.0,303.0,0,0,1,5,9
CNT,none,koh,1.0,950.0,0.0,1.2,0.0,0.0,0.09,0.0,5.35,0.0,0.0,0.0,0.0,98.0,0,1,9,5,14
CNT,none,koh,1.0,805.0,0.0,1.2,0.0,0.0,0.09,0.0,5.3,0.0,0.0,0.0,0.0,91.0,0,1,9,5,14
N-doped porous carbon,none,koh,0.8,315.0,0.65,5.1,0.0,129.0,0.0,3.7,33.8,0.0,0.0,0.0,0.0,130.0,0,0,16,5,14
N-doped porous carbon,none,koh,0.8,1087.0,0.6,1.2,0.0,801.0,0.0,7.5,28.2,0.0,0.0,0.0,0.0,310.0,0,0,16,5,14
N-doped porous carbon,none,koh,0.8,1113.0,0.68,1.13,0.0,889.0,0.0,3.6,25.9,0.0,0.0,0.0,0.0,348.0,0,0,16,5,14
N-doped porous carbon,none,koh,0.8,1343.0,0.73,1.15,0.0,1039.0,0.0,2.1,16.0,0.0,0.0,0.0,0.0,250.0,0,0,16,5,14
N-doped porous carbon,none,koh,0.8,2032.0,0.83,0.64,0.0,1735.0,0.0,3.6,26.7,0.0,0.0,0.0,0.0,362.0,0,0,16,5,14
BN-doped carbon,cnt,h2so4,1.0,690.0,1.53,0.7,0.137,0.0,0.0,10.8,6.9,6.9,0.0,0.0,0.0,213.0,1,1,6,2,9
BN-doped carbon,none,h2so4,1.0,814.0,1.4,0.6,0.182,0.0,0.0,11.6,10.1,9.6,0.0,0.0,0.0,427.0,0,1,6,5,9
cnt,none,h2so4,1.0,294.0,1.39,1.2,0.05,0.0,0.0,0.0,6.1,0.0,0.0,0.0,0.0,25.0,0,1,31,5,9
BN-doped carbon,graphene,h2so4,1.0,798.0,1.43,1.0,0.181,0.0,0.0,0.0,0.0,0.0,0.0,0.0,0.0,288.0,1,1,6,4,9
graphene,none,h2so4,1.0,524.0,2.28,1.1,0.102,0.0,0.0,0.0,0.0,0.0,0.0,0.0,0.0,36.0,0,1,32,5,9
AC,none,h2so4,1.0,1566.0,0.82,1.0,0.63,0.0,0.0,0.0,0.0,0.0,0.0,0.0,0.0,127.0,0,1,3,5,9
BN-doped carbon,none,teabf4,2.5,690.0,1.53,0.7,0.137,0.0,0.0,10.8,6.9,6.9,0.0,0.0,0.0,110.0,0,1,6,5,23
BN-doped carbon,none,teabf4,2.5,814.0,1.4,0.6,0.182,0.0,0.0,11.6,10.1,9.6,0.0,0.0,0.0,94.0,0,1,6,5,23
cnt,none,teabf4,2.5,294.0,1.39,1.2,0.05,0.0,0.0,0.0,6.1,0.0,0.0,0.0,0.0,22.0,0,1,31,5,23
BN-doped carbon,none,teabf4,2.5,798.0,1.43,1.0,0.181,0.0,0.0,0.0,0.0,0.0,0.0,0.0,0.0,126.0,0,1,6,5,23
graphene,none,teabf4,2.5,524.0,2.28,1.1,0.102,0.0,0.0,0.0,0.0,0.0,0.0,0.0,0.0,32.1,0,1,32,5,23
AC,none,teabf4,2.5,1566.0,0.82,1.0,0.63,0.0,0.0,0.0,0.0,0.0,0.0,0.0,0.0,87.0,0,1,3,5,23
NS-doped porous carbon,none,h2so4,0.9,0.0,0.0,0.0,0.0,0.0,0.93,9.01,25.0,0.0,0.35,0.0,0.0,320.0,0,1,20,5,9
NS-doped porous carbon,none,h2so4,0.9,1591.0,0.7,1.9,0.0,0.0,0.93,5.27,21.0,0.0,0.26,0.0,0.0,419.0,0,1,20,5,9
NS-doped porous carbon,none,h2so4,0.9,3047.0,1.6,2.3,0.0,0.0,0.94,2.28,10.0,0.0,0.33,0.0,0.0,352.0,0,1,20,5,9
NS-doped porous carbon,none,h2so4,0.9,3068.0,2.0,2.8,0.0,0.0,0.98,1.67,7.0,0.0,0.35,0.0,0.0,312.0,0,1,20,5,9
NS-doped porous carbon,none,h2so4,0.9,0.0,0.0,0.0,0.0,0.0,1.0,0.81,7.0,0.0,0.32,0.0,0.0,239.0,0,1,20,5,9
NS-doped porous carbon,none,koh,0.8,0.0,0.0,0.0,0.0,0.0,0.93,9.01,25.0,0.0,0.35,0.0,0.0,326.0,0,1,20,5,14
NS-doped porous carbon,none,koh,0.8,1591.0,0.7,1.9,0.0,0.0,0.93,5.27,21.0,0.0,0.26,0.0,0.0,350.0,0,1,20,5,14
NS-doped porous carbon,none,koh,0.8,3047.0,1.6,2.3,0.0,0.0,0.94,2.28,10.0,0.0,0.33,0.0,0.0,330.0,0,1,20,5,14
NS-doped porous carbon,none,koh,0.8,3068.0,2.0,2.8,0.0,0.0,0.98,1.67,7.0,0.0,0.35,0.0,0.0,255.0,0,1,20,5,14
NS-doped porous carbon,none,koh,0.8,0.0,0.0,0.0,0.0,0.0,1.0,0.81,7.0,0.0,0.32,0.0,0.0,237.0,0,1,20,5,14
carbon nanoparticle,rgo,koh,0.8,196.5,0.0,3.78,0.0,0.0,1.01,0.0,0.0,0.0,0.0,0.0,0.0,185.0,1,1,26,6,14
carbon nanoparticle,rgo,koh,0.8,192.7,0.0,3.78,0.0,0.0,0.98,0.89,9.39,0.0,0.0,0.0,0.0,310.8,1,1,26,6,14
carbon nanoparticle,rgo,koh,0.8,133.2,0.0,3.37,0.0,0.0,0.76,1.76,14.7,0.0,0.0,0.0,0.0,240.0,1,1,26,6,14
rgo,none,koh,0.8,102.6,0.0,3.37,0.0,0.0,0.53,0.0,0.0,0.0,0.0,0.0,0.0,251.7,0,0,38,5,14
porous carbon,none,koh,0.9,1128.7,0.58,1.9,0.58,0.0,0.85,0.89,9.25,0.0,0.21,0.0,0.0,198.2,0,0,36,5,14
porous carbon,none,koh,0.9,1358.2,0.74,2.8,0.65,0.0,0.87,0.08,8.11,0.0,0.16,0.0,0.0,217.2,0,0,36,5,14
porous carbon,none,koh,0.9,1829.7,1.05,2.5,0.75,0.0,0.84,0.37,6.34,0.0,0.02,0.0,0.0,238.2,0,0,36,5,14
N-doped graphene,none,koh,1.0,102.6,0.0,3.9,0.0,0.0,1.1,5.5,6.8,0.0,0.0,0.0,0.0,160.0,0,1,15,5,14
N-doped graphene,none,koh,1.0,423.2,0.0,3.9,0.0,0.0,1.1,5.9,9.6,0.0,0.0,0.0,0.0,378.0,0,1,15,5,14
N-doped graphene,none,koh,1.0,290.5,0.0,3.9,0.0,0.0,1.1,6.3,11.5,0.0,0.0,0.0,0.0,270.0,0,1,15,5,14
N-doped porous carbon,none,koh,1.0,145.4,0.09,2.4,0.0,145.4,1.16,1.49,7.33,0.0,0.0,0.0,0.0,12.0,0,1,16,5,14
N-doped porous carbon,none,koh,1.0,760.49,0.51,2.68,0.0,734.59,1.22,3.9,9.48,0.0,0.0,0.0,0.0,150.0,0,1,16,5,14
N-doped porous carbon,none,koh,1.0,584.98,1.07,7.31,0.0,370.73,1.25,0.92,7.38,0.0,0.0,0.0,0.0,148.0,0,1,16,5,14
N-doped porous carbon,none,koh,1.0,945.76,1.39,5.89,0.0,778.15,1.34,5.59,6.91,0.0,0.0,0.0,0.0,260.0,0,1,16,5,14
N-doped porous carbon,none,koh,1.0,805.58,0.68,3.38,0.0,632.54,1.51,8.34,9.24,0.0,0.0,0.0,0.0,323.0,0,1,16,5,14
N-doped porous carbon,none,koh,1.0,718.57,0.64,3.57,0.0,0.0,0.0,9.46,0.0,0.0,0.0,0.0,0.0,185.0,0,0,16,5,14
N-doped porous carbon,none,koh,1.0,1187.35,1.07,3.62,0.0,0.0,0.0,2.66,0.0,0.0,0.0,0.0,0.0,110.0,0,0,16,5,14
porous carbon,none,et4NBF4,4.0,1940.0,2.79,5.8,0.47,0.0,0.0,0.0,0.0,0.0,0.0,0.0,0.0,125.0,0,0,36,5,8
porous carbon,none,koh,1.0,1096.0,0.0,0.0,0.0,0.0,1.005,0.0,0.0,0.0,0.0,0.0,0.0,110.0,0,1,36,5,14
porous carbon,none,koh,1.0,1171.0,0.0,0.0,0.0,0.0,0.98,0.0,0.0,0.0,0.0,0.0,0.0,168.0,0,1,36,5,14
porous carbon,none,koh,1.0,998.0,0.0,0.0,0.0,0.0,0.95,0.0,0.0,0.0,0.0,0.0,0.0,208.0,0,1,36,5,14
AC,none,h2so4,1.0,3050.0,2.1,0.0,0.96,0.0,0.0,4.16,6.63,0.0,0.0,0.0,0.0,246.0,0,1,3,5,9
carbon,none,h2so4,1.0,3400.0,2.4,0.0,1.09,0.0,0.0,1.4,4.8,0.0,0.0,0.0,0.0,270.0,0,1,23,5,9
carbon,none,li2so4,1.6,3050.0,2.1,0.0,0.96,0.0,0.0,4.16,6.63,0.0,0.0,0.0,0.0,169.0,0,1,23,5,15
carbon,none,li2so4,1.6,3400.0,2.4,0.0,1.09,0.0,0.0,1.4,4.8,0.0,0.0,0.0,0.0,184.0,0,1,23,5,15
carbon,none,emimbf4,3.0,3050.0,2.1,0.0,0.96,0.0,0.0,4.16,6.63,0.0,0.0,0.0,0.0,138.0,0,1,23,5,4
carbon,none,emimbf4,3.0,3400.0,2.4,0.0,1.09,0.0,0.0,1.4,4.8,0.0,0.0,0.0,0.0,136.0,0,1,23,5,4
carbon,none,emimbf4,3.0,3050.0,2.1,0.0,0.96,0.0,0.0,4.16,6.63,0.0,0.0,0.0,0.0,154.0,0,1,23,5,4
carbon,none,emimbf4,3.0,3400.0,2.4,0.0,1.09,0.0,0.0,1.4,4.8,0.0,0.0,0.0,0.0,161.0,0,1,23,5,4
porous carbon,none,koh,1.0,679.0,1.63,1.0,0.0,0.0,0.83,0.0,0.0,0.0,0.0,0.0,0.0,306.0,0,0,36,5,14
n-doped carbon,graphene,h2so4_pva,1.0,239.0,0.54,2.7,0.0,0.0,0.0,0.0,0.0,0.0,0.0,0.0,0.0,49.0,1,0,33,4,10
n-doped carbon,graphene,h2so4_pva,1.0,207.0,0.38,2.1,0.0,0.0,0.0,2.0,2.6,0.0,0.0,0.0,0.0,53.0,1,0,33,4,10
n-doped carbon,none,h2so4_pva,1.0,421.0,0.0,3.9,0.0,0.0,0.0,0.0,0.0,0.0,0.0,0.0,0.0,25.0,0,0,33,5,10
n-doped carbon,none,h2so4_pva,1.0,521.0,0.0,4.0,0.0,0.0,0.0,0.0,0.0,0.0,0.0,0.0,0.0,18.0,0,0,33,5,10
AC,none,koh,1.0,42.7,0.03,0.0,0.03,0.0,0.0,0.5,13.8,0.0,1.0,0.0,0.0,57.2,0,0,3,5,14
AC,none,koh,1.0,1537.0,0.83,0.0,0.53,0.0,0.0,0.0,5.8,0.0,1.2,0.0,0.0,201.3,0,0,3,5,14
AC,none,koh,1.0,2359.0,1.3,0.0,0.6,0.0,0.0,0.0,6.0,0.0,1.0,0.0,0.0,370.1,0,0,3,5,14
AC,none,koh,1.0,2422.0,1.4,0.0,0.37,0.0,0.0,0.0,8.5,0.0,1.1,0.0,0.0,330.2,0,0,3,5,14
AC,none,koh,1.0,1422.0,0.8,0.0,0.32,0.0,0.0,0.0,5.6,0.0,0.9,0.0,0.0,220.0,0,0,3,5,14
AC,none,h2so4,1.0,1537.0,0.83,0.0,0.53,0.0,0.0,0.0,5.8,0.0,1.2,0.0,0.0,218.3,0,0,3,5,9
AC,none,h2so4,1.0,2359.0,1.3,0.0,0.6,0.0,0.0,0.0,6.0,0.0,1.0,0.0,0.0,294.2,0,0,3,5,9
AC,none,h2so4,1.0,2422.0,1.4,0.0,0.37,0.0,0.0,0.0,8.5,0.0,1.1,0.0,0.0,314.0,0,0,3,5,9
AC,none,h2so4,1.0,1422.0,0.8,0.0,0.32,0.0,0.0,0.0,5.6,0.0,0.9,0.0,0.0,169.4,0,0,3,5,9
N-doped AC,none,koh,1.0,443.106,0.238,2.145,0.174,0.0,0.0,0.0,0.0,0.0,0.0,0.0,0.0,85.0,0,0,12,5,14
N-doped AC,none,koh,1.0,1844.401,0.988,2.144,0.481,0.0,0.0,0.0,0.0,0.0,0.0,0.0,0.0,140.0,0,0,12,5,14
N-doped AC,none,koh,1.0,1204.138,0.514,3.021,0.242,0.0,0.0,0.0,0.0,0.0,0.0,0.0,0.0,160.0,0,0,12,5,14
N-doped AC,none,koh,1.0,2216.755,1.443,2.605,0.386,0.0,0.0,0.0,0.0,0.0,0.0,0.0,0.0,230.0,0,0,12,5,14
N-doped AC,none,koh,1.0,2324.359,1.215,2.092,0.566,0.0,0.0,0.0,0.0,0.0,0.0,0.0,0.0,185.0,0,0,12,5,14
porous carbon,none,h2so4,0.8,241.0,0.35,3.13,0.0,89.0,0.0,0.0,0.0,0.0,0.0,0.0,0.0,50.0,0,0,36,5,9
porous carbon,none,h2so4,0.8,253.0,0.27,4.04,0.0,105.0,0.0,0.0,0.0,0.0,0.0,0.0,0.0,67.0,0,0,36,5,9
porous carbon,none,h2so4,0.8,264.0,0.54,4.88,0.0,110.0,0.0,0.0,0.0,0.0,0.0,0.0,0.0,140.0,0,0,36,5,9
porous carbon,none,h2so4,0.8,1339.0,0.76,2.27,0.0,606.0,0.0,0.0,0.0,0.0,0.0,0.0,0.0,186.0,0,0,36,5,9
porous carbon,none,h2so4,0.8,2076.0,1.2,2.22,0.0,792.0,0.0,0.0,0.0,0.0,0.0,0.0,0.0,266.0,0,0,36,5,9
porous carbon,none,h2so4,0.8,1652.0,0.92,2.23,0.0,721.0,0.0,0.0,0.0,0.0,0.0,0.0,0.0,190.0,0,0,36,5,9
N-doped porous carbon,none,koh,1.0,1264.0,0.56,0.8,0.4,0.0,1.01,9.2,15.5,0.0,0.0,0.0,0.0,236.0,0,0,16,5,14
N-doped porous carbon,none,koh,1.0,1803.0,0.8,1.1,0.57,0.0,0.98,6.5,15.8,0.0,0.0,0.0,0.0,285.0,0,0,16,5,14
N-doped porous carbon,none,koh,1.0,2695.0,1.2,1.1,0.61,0.0,1.02,3.4,17.5,0.0,0.0,0.0,0.0,263.0,0,0,16,5,14
N-doped porous carbon,none,koh,1.0,1438.0,0.82,0.9,0.44,0.0,0.91,0.6,11.9,0.0,0.0,0.0,0.0,248.0,0,0,16,5,14
AC,cnt,emimbf4,4.0,1921.7,1.47,3.06,0.394,814.6,1.905,0.93,6.4,0.0,0.0,0.0,0.0,307.9,1,0,3,2,4
AC,cnt,emimbf4,4.0,2855.7,1.58,2.21,0.232,630.9,1.74,0.51,5.07,0.0,0.0,0.0,0.0,344.1,1,0,3,2,4
porous carbon,none,koh,1.0,1290.0,0.59,0.0,0.55,0.0,0.88,0.6,3.3,0.0,0.0,0.0,0.0,289.0,0,0,36,5,14
porous carbon,none,koh,1.0,1355.0,0.62,0.0,0.56,0.0,0.9,0.7,4.4,0.0,0.0,0.0,0.0,354.0,0,0,36,5,14
porous carbon,none,koh,1.0,1660.0,0.78,0.0,0.66,0.0,0.94,0.7,4.7,0.0,0.0,0.0,0.0,420.0,0,0,36,5,14
porous carbon,none,emitfsi,2.5,1290.0,0.59,0.0,0.55,0.0,0.88,0.6,3.3,0.0,0.0,0.0,0.0,130.0,0,0,36,5,6
porous carbon,none,emitfsi,2.5,1355.0,0.62,0.0,0.56,0.0,0.9,0.7,4.4,0.0,0.0,0.0,0.0,152.0,0,0,36,5,6
porous carbon,none,emitfsi,2.5,1660.0,0.78,0.0,0.66,0.0,0.94,0.7,4.7,0.0,0.0,0.0,0.0,218.0,0,0,36,5,6
N-doped porous carbon,none,h2so4,1.0,1009.0,0.52,2.0,0.0,0.0,0.96,7.18,6.57,0.0,0.0,0.0,0.0,277.0,0,1,16,5,9
N-doped porous carbon,none,h2so4,1.0,1245.0,0.67,2.1,0.0,0.0,1.02,5.72,6.05,0.0,0.0,0.0,0.0,292.0,0,1,16,5,9
N-doped porous carbon,none,h2so4,1.0,1638.0,0.89,2.2,0.0,0.0,1.45,4.36,5.29,0.0,0.0,0.0,0.0,302.0,0,1,16,5,9
porous carbon,none,emitfsi,3.4,1089.0,0.48,0.0,0.0,0.0,2.21,0.0,7.0,0.0,1.0,0.0,0.0,135.0,0,0,36,5,6
porous carbon,none,emitfsi,3.4,1230.0,0.51,0.0,0.0,0.0,2.38,0.0,8.0,0.0,1.0,0.0,0.0,125.0,0,0,36,5,6
porous carbon,none,emitfsi,3.4,1263.0,0.54,0.0,0.0,0.0,1.97,0.0,8.0,0.0,0.0,0.0,0.0,125.0,0,0,36,5,6
porous carbon,none,emitfsi,3.4,1886.0,0.86,0.0,0.0,0.0,2.0,0.0,8.0,0.0,0.0,0.0,0.0,231.0,0,0,36,5,6
porous carbon,none,cscl,1.2,742.0,0.48,0.0,0.19,113.0,0.0,0.0,0.0,0.0,0.0,0.0,0.0,56.0,0,0,36,5,2
porous carbon,none,cscl,1.2,991.0,0.59,0.0,0.29,250.0,0.0,0.0,0.0,0.0,0.0,0.0,0.0,68.0,0,0,36,5,2
CNT,none,h2so4,0.9,282.0,1.28,18.15,0.01,17.7,1.1,0.0,0.0,0.0,0.0,0.0,0.0,85.8,0,1,9,5,9
N-doped porous carbon,none,h2so4,0.9,999.7,0.79,3.17,0.27,660.8,1.72,10.193,4.335,0.0,0.0,0.0,0.0,166.7,0,1,16,5,9
N-doped porous carbon,cnt,h2so4,0.9,898.6,0.57,2.53,0.31,662.8,0.0,0.0,0.0,0.0,0.0,0.0,0.0,155.7,1,1,16,2,9
N-doped porous carbon,cnt,h2so4,0.9,642.5,0.53,2.22,0.21,548.8,1.53,10.969,4.735,0.0,0.0,0.0,0.0,192.1,1,1,16,2,9
N-doped porous carbon,cnt,h2so4,0.9,884.6,0.57,2.57,0.29,748.9,1.53,10.081,3.52,0.0,0.0,0.0,0.0,222.6,1,1,16,2,9
N-doped porous carbon,cnt,h2so4,0.9,928.2,0.64,2.74,0.28,691.8,1.53,10.454,2.492,0.0,0.0,0.0,0.0,293.4,1,1,16,2,9
porous carbon,none,koh,1.0,1325.0,0.884,1.33,0.537,0.0,1.02,1.17,8.1,0.0,0.0,0.0,0.0,159.0,0,1,36,5,14
porous carbon,none,koh,1.0,1417.0,1.56,2.22,0.598,0.0,1.01,1.99,10.13,0.0,0.0,0.0,0.0,190.0,0,1,36,5,14
porous carbon,none,koh,1.0,1684.0,1.57,1.86,0.705,0.0,1.008,1.15,4.43,0.0,0.0,0.0,0.0,224.0,0,1,36,5,14
porous carbon,cnt,koh,1.0,330.2,0.44,3.0,0.0,0.0,0.0,0.0,6.47,0.0,0.0,0.0,0.0,177.4,1,1,36,2,14
porous carbon,cnt,koh,1.0,449.3,0.53,3.39,0.0,0.0,0.0,0.0,5.42,0.0,0.0,0.0,0.0,249.4,1,1,36,2,14
porous carbon,cnt,koh,1.0,524.9,0.56,3.75,0.0,0.0,0.0,0.0,3.83,0.0,0.0,0.0,0.0,356.1,1,1,36,2,14
porous carbon,cnt,koh,1.0,620.1,0.63,3.94,0.0,0.0,0.0,0.0,2.52,0.0,0.0,0.0,0.0,381.2,1,1,36,2,14
porous carbon,cnt,koh,1.0,569.3,0.61,3.73,0.0,0.0,0.0,0.0,2.1,0.0,0.0,0.0,0.0,323.7,1,1,36,2,14
porous carbon,none,koh,1.0,681.3,0.51,5.34,0.0,0.0,0.0,0.0,0.0,0.0,0.0,0.0,0.0,215.8,0,1,36,5,14
N-doped porous carbon,cnt,h2so4,1.0,4.7,0.026,27.2,0.002,0.0,3.91,17.2,3.6,0.0,0.0,0.0,0.0,10.0,1,1,16,2,9
N-doped porous carbon,cnt,h2so4,1.0,187.5,0.17,3.08,0.067,0.0,3.32,9.2,2.4,0.0,0.0,0.0,0.0,75.6,1,1,16,2,9
N-doped porous carbon,cnt,h2so4,1.0,551.2,0.317,2.93,0.217,0.0,3.36,3.1,3.2,0.0,0.0,0.0,0.0,184.0,1,1,16,2,9
N-doped porous carbon,cnt,h2so4,1.0,8.5,0.011,16.4,0.005,0.0,2.69,15.8,3.2,0.0,0.0,0.0,0.0,58.0,1,1,16,2,9
N-doped porous carbon,cnt,h2so4,1.0,613.8,0.366,3.09,0.237,0.0,2.38,9.0,6.3,0.0,0.0,0.0,0.0,216.0,1,1,16,2,9
porous carbon,none,koh,1.0,1435.0,0.87,0.0,0.42,852.0,0.87,0.0,0.0,0.0,0.0,0.0,0.0,218.0,0,1,36,5,14
AC,none,koh,1.0,1282.0,0.58,0.0,0.48,1192.0,0.0,0.0,0.0,0.0,0.0,0.0,0.0,175.0,0,0,3,5,14
porous carbon,none,koh,1.0,2385.0,1.36,3.53,0.0,1173.0,0.8,0.0,8.3,0.0,0.0,0.0,0.0,294.0,0,1,36,5,14
porous carbon,none,koh,1.0,2795.0,1.58,3.39,0.0,1140.0,0.84,0.95,7.1,0.0,0.0,0.0,0.0,360.0,0,1,36,5,14
porous carbon,none,koh,1.0,3003.0,1.62,2.56,0.0,1278.0,0.86,1.7,5.79,0.0,0.0,0.0,0.0,390.0,0,1,36,5,14
porous carbon,none,h2so4,1.0,1467.5,0.0,0.7,0.0,0.0,0.72,0.0,0.0,0.0,0.0,0.0,0.0,243.7,0,0,36,5,9
porous carbon,none,emimbf4,3.0,1467.5,0.0,0.7,0.0,0.0,0.72,0.0,0.0,0.0,0.0,0.0,0.0,121.0,0,0,36,5,4
N-doped porous carbon,graphene,koh,1.0,498.5,0.941,1.1,0.127,0.0,0.71,4.11,15.93,0.0,0.0,0.0,0.0,238.0,1,0,16,4,14
N-doped porous carbon,none,koh,1.0,665.0,0.626,1.2,0.23,0.0,1.01,5.82,11.88,0.0,0.0,0.0,0.0,175.0,0,0,16,5,14
porous carbon,none,h2so4,1.0,847.9,0.44,5.181,0.371,0.0,0.92,1.45,25.07,0.0,0.0,0.0,0.0,220.0,0,1,36,5,9
porous carbon,none,h2so4,1.0,891.8,0.613,4.017,0.366,0.0,0.8,0.96,18.74,0.0,0.0,0.0,0.0,272.0,0,1,36,5,9
porous carbon,none,h2so4,1.0,878.2,0.537,3.981,0.37,0.0,0.78,1.02,15.88,0.0,0.0,0.0,0.0,250.0,0,1,36,5,9
porous carbon,none,h2so4,1.0,1776.9,0.993,4.441,0.763,0.0,0.92,2.65,16.34,0.0,0.0,0.0,0.0,306.5,0,1,36,5,9
porous carbon,none,koh,0.8,143.5,1.036,0.0,0.024,0.0,0.0,4.12,0.0,0.0,0.0,0.0,0.0,142.3,0,0,36,5,14
porous carbon,none,koh,0.8,2905.6,4.337,0.62,0.93,0.0,0.94,1.95,8.6,0.0,0.0,0.0,0.0,374.7,0,0,36,5,14
porous carbon,none,koh,1.0,1536.0,1.23,0.0,0.39,894.0,0.0,0.0,0.0,0.0,0.0,0.0,0.0,222.0,0,1,36,5,14
porous carbon,none,koh,1.0,779.0,0.57,0.0,0.28,379.0,0.0,0.0,0.0,0.0,0.0,0.0,0.0,110.0,0,1,36,5,14
porous carbon,none,koh,1.0,1021.0,1.62,0.5,0.16,367.0,0.0,0.0,0.0,0.0,0.0,0.0,0.0,249.0,0,1,36,5,14
porous carbon,none,koh,1.0,1080.0,0.8,0.0,0.42,600.0,0.0,0.0,0.0,0.0,0.0,0.0,0.0,179.0,0,1,36,5,14
porous carbon,none,teabf4_an,2.5,1021.0,1.62,0.5,0.16,367.0,0.0,0.0,0.0,0.0,0.0,0.0,0.0,135.0,0,1,36,5,24
N-doped porous carbon,none,koh,1.0,1280.0,1.82,0.71,1.64,0.0,0.0,6.07,0.0,0.0,0.0,0.0,0.0,550.0,0,1,16,5,14
N-doped porous carbon,none,koh,1.0,790.0,1.82,0.93,1.31,0.0,0.0,3.6,0.0,0.0,0.0,0.0,0.0,380.0,0,1,16,5,14
N-doped porous carbon,none,koh,1.0,910.0,2.24,0.94,1.98,0.0,0.0,2.99,0.0,0.0,0.0,0.0,0.0,300.0,0,1,16,5,14
N-doped porous carbon,none,nacl,1.0,910.0,3.49,0.0,0.13,269.0,1.01,3.1,0.0,0.0,0.0,0.0,0.0,204.0,0,0,16,5,20
N-doped porous carbon,none,nacl,1.0,534.0,2.5,0.0,0.15,349.0,0.97,0.0,0.0,0.0,0.0,0.0,0.0,150.0,0,0,16,5,20
N-doped carbon nanobelt,none,koh,1.0,358.6,0.246,0.0,0.051,0.0,1.1,15.9,1.6,0.0,0.0,0.0,0.0,449.0,0,0,14,5,14
N-doped carbon nanobelt,none,koh,1.0,392.9,0.253,0.0,0.057,0.0,1.1,16.8,2.3,0.0,0.0,0.0,0.0,476.0,0,0,14,5,14
N-doped carbon nanobelt,none,koh,1.0,446.3,0.283,0.0,0.076,0.0,1.04,8.0,6.4,0.0,0.0,0.0,0.0,385.0,0,0,14,5,14
N-doped porous carbon,none,h2so4,0.8,722.0,0.493,2.73,0.0,0.0,0.0,2.8,7.0,0.0,0.0,0.0,0.0,175.0,0,0,16,5,9
N-doped porous carbon,none,h2so4,0.8,1600.0,0.862,2.16,0.0,0.0,0.0,2.6,11.0,0.0,0.0,0.0,0.0,270.0,0,0,16,5,9
AC,none,koh,1.0,1098.1,0.0,0.0,0.0,0.0,0.0,0.0,0.0,0.0,0.0,0.0,0.0,60.0,0,0,3,5,14
N-doped carbon,rgo,koh,1.0,1349.0,0.9,2.6,0.6,1216.0,0.91,9.0,8.5,0.0,0.0,0.0,0.0,190.0,1,0,13,6,14
N-doped carbon,rgo,koh,1.0,2502.0,1.7,2.7,1.1,2189.0,0.94,6.3,9.2,0.0,0.0,0.0,0.0,341.0,1,0,13,6,14
N-doped carbon,none,koh,1.0,2360.0,1.3,2.2,1.1,2237.0,0.88,8.5,8.0,0.0,0.0,0.0,0.0,260.0,0,0,13,5,14
rgo,none,koh,1.0,505.0,1.0,15.8,0.1,0.0,0.0,0.0,4.3,0.0,0.0,0.0,0.0,150.0,0,0,38,5,14
carbon,none,koh,1.0,719.0,0.0,0.0,0.0,0.0,0.95,0.0,0.0,0.0,0.0,0.0,0.0,216.0,0,1,23,5,14
carbon,none,koh,1.0,239.0,0.0,0.0,0.0,0.0,0.98,0.0,0.0,0.0,0.0,0.0,0.0,58.0,0,1,23,5,14
carbon,none,koh,1.0,552.0,0.0,0.0,0.0,0.0,0.99,0.0,0.0,0.0,0.0,0.0,0.0,90.0,0,1,23,5,14
carbon,none,koh,1.0,467.0,0.0,0.0,0.0,0.0,1.01,0.0,0.0,0.0,0.0,0.0,0.0,133.0,0,1,23,5,14
carbon,none,koh,1.0,764.0,0.0,0.0,0.0,0.0,0.99,0.0,0.0,0.0,0.0,0.0,0.0,241.0,0,1,23,5,14
carbon,none,koh,1.0,493.0,0.0,0.0,0.0,0.0,0.99,0.0,0.0,0.0,0.0,0.0,0.0,148.0,0,1,23,5,14
porous carbon,none,koh,1.0,951.7,0.46,1.48,0.38,822.7,1.64,0.0,0.0,0.0,0.0,0.0,0.0,114.0,0,0,36,5,14
porous carbon,none,koh,1.0,1379.4,0.69,1.48,0.49,1062.1,1.91,0.0,0.0,0.0,0.0,0.0,0.0,126.0,0,0,36,5,14
porous carbon,none,koh,1.0,1636.2,0.74,1.48,0.58,1218.1,1.92,0.0,0.0,0.0,0.0,0.0,0.0,133.0,0,0,36,5,14
porous carbon,none,koh,1.0,1748.2,0.83,1.59,0.58,1286.6,1.93,0.0,0.0,0.0,0.0,0.0,0.0,149.0,0,0,36,5,14
porous carbon,none,koh,1.0,2006.9,0.92,1.36,0.49,1104.7,1.95,0.0,0.0,0.0,0.0,0.0,0.0,174.0,0,0,36,5,14
porous carbon,none,koh,1.0,2178.2,1.01,1.59,0.43,1004.5,1.97,0.0,0.0,0.0,0.0,0.0,0.0,206.0,0,0,36,5,14
AC,rgo,koh,0.8,2582.0,0.0,0.48,0.0,0.0,1.0,1.27,8.66,0.0,0.0,0.0,0.0,227.0,1,1,3,6,14
AC,rgo,teabf4_an,3.5,2582.0,0.0,0.48,0.0,0.0,1.0,1.27,8.66,0.0,0.0,0.0,0.0,188.0,1,1,3,6,24
N-doped graphene,none,koh,1.0,190.38,0.88,4.01,0.0,0.0,1.0,3.2,11.3,0.0,0.0,0.0,0.0,290.0,0,0,15,5,14
N-doped graphene,none,koh,1.0,171.56,0.68,3.95,0.0,0.0,0.5,2.9,6.4,0.0,0.0,0.0,0.0,270.0,0,0,15,5,14
CNT,none,koh,0.8,150.0,0.417,1.0,0.0,0.0,0.0,0.0,0.0,0.0,0.0,0.0,0.0,11.0,0,0,9,5,14
CNT,none,koh,0.0,223.0,0.422,1.0,0.0,0.0,0.0,0.0,0.0,0.0,0.0,0.0,0.0,21.0,0,0,9,5,14
CNT,none,koh,0.0,251.0,0.486,1.0,0.0,0.0,0.0,0.0,0.0,0.0,0.0,0.0,0.0,26.0,0,0,9,5,14
CNT,none,koh,0.0,296.0,0.805,1.0,0.0,0.0,0.0,0.0,0.0,0.0,0.0,0.0,0.0,4.0,0,0,9,5,14
N-doped porous carbon,none,h2so4,0.8,2359.0,2.23,2.7,0.0,0.0,0.0,1.9,11.9,0.0,0.0,0.0,0.0,240.0,0,1,16,5,9
N-doped porous carbon,none,h2so4,0.8,1061.0,2.04,4.2,0.0,0.0,0.0,1.9,17.5,0.0,0.0,0.0,0.0,169.0,0,1,16,5,9
B-doped carbon,none,h2so4,1.0,1460.0,1.7678,0.0,0.428,0.0,0.96,0.0,0.0,0.0,0.0,0.0,0.0,160.0,0,1,4,5,9
N-doped porous carbon,none,koh,1.0,1415.0,1.4,3.96,0.0,1040.0,0.88,3.47,12.7,0.0,0.0,0.0,0.0,289.0,0,0,16,5,14
N-doped porous carbon,none,koh,1.0,170.0,0.2,8.37,0.0,108.0,0.8,0.0,0.0,0.0,0.0,0.0,0.0,96.0,0,0,16,5,14
N-doped porous carbon,none,koh,1.0,306.0,0.31,5.5,0.0,173.0,0.76,0.0,0.0,0.0,0.0,0.0,0.0,137.0,0,0,16,5,14
N-doped porous carbon,none,koh,1.0,654.0,0.49,4.38,0.0,293.0,0.67,5.89,8.63,0.0,0.0,0.0,0.0,243.0,0,0,16,5,14
CNT,none,lipf6,3.0,214.3,1.28,0.0,0.08,0.0,1.2,0.0,0.3,0.0,0.0,0.0,0.0,32.0,0,0,9,5,17
CNT,none,lipf6,3.0,1123.2,2.38,0.0,0.4,0.0,1.47,0.0,5.5,0.0,0.0,0.0,0.0,145.0,0,0,9,5,17
porous carbon,none,emimbf4,3.5,3550.0,1.78,0.0,0.0,1349.0,0.0,0.0,0.0,0.0,0.0,0.0,0.0,150.0,0,0,36,5,4
AC,none,emimbf4,3.5,1740.0,0.6,0.0,0.0,1548.6,0.0,0.0,0.0,0.0,0.0,0.0,0.0,62.0,0,0,3,5,4
porous carbon,none,lipf6_ec_dmc,3.0,3550.0,1.78,0.0,0.0,1349.0,0.0,0.0,0.0,0.0,0.0,0.0,0.0,216.0,0,0,36,5,18
carbon nanosheet,none,koh,1.0,773.0,0.68,0.5,0.0,462.0,2.95,0.0,3.6,0.0,0.0,0.0,0.0,142.0,0,0,28,5,14
carbon nanosheet,none,koh,1.0,1766.0,1.45,0.5,0.0,573.0,2.5,0.0,3.6,0.0,0.0,0.0,0.0,220.0,0,0,28,5,14
carbon nanosheet,none,koh,1.0,910.0,0.88,0.6,0.0,558.0,2.9,0.0,0.0,0.0,0.0,0.0,0.0,160.0,0,0,28,5,14
NOP-doped porous carbon,none,koh,0.9,2335.0,1.32,2.6,0.95,0.0,1.0,1.1,11.0,0.0,0.0,0.0,1.6,315.0,0,0,19,5,14
AC,none,koh,1.0,2033.0,0.98,2.0,0.72,1530.0,0.99,0.8,5.6,0.0,0.0,0.0,0.0,374.0,0,0,3,5,14
AC,none,koh,1.0,2312.0,1.2,2.15,0.68,1743.0,0.98,1.4,4.5,0.0,0.0,0.0,0.0,355.0,0,0,3,5,14
AC,none,koh,1.0,1742.0,0.79,1.81,0.45,1196.0,0.88,1.0,6.3,0.0,0.0,0.0,0.0,266.0,0,0,3,5,14
AC,none,koh,1.0,2345.0,1.03,1.78,0.86,2102.0,0.0,0.0,0.0,0.0,0.0,0.0,0.0,203.0,0,0,3,5,14
AC,none,koh,1.0,182.0,0.1,2.29,0.05,116.0,0.0,0.0,0.0,0.0,0.0,0.0,0.0,134.0,0,0,3,5,14
porous carbon,none,koh,1.0,1634.5,3.67,1.58,0.0,0.0,2.72,0.0,0.0,0.0,0.0,0.0,0.0,204.4,0,0,36,5,14
porous carbon,none,koh,1.0,1972.1,4.78,1.65,0.0,0.0,2.55,0.0,0.0,0.0,0.0,0.0,0.0,236.5,0,0,36,5,14
porous carbon,none,koh,1.0,1918.5,2.89,1.66,0.0,0.0,2.42,0.0,0.0,0.0,0.0,0.0,0.0,209.2,0,0,36,5,14
porous carbon,none,koh,0.9,1007.0,0.62,0.6,0.46,0.0,0.85,0.0,7.3,0.0,0.0,0.0,0.0,147.2,0,1,36,5,14
porous carbon,none,koh,0.9,1549.0,0.81,0.6,0.61,0.0,0.86,0.0,8.5,0.0,0.0,0.0,0.0,175.2,0,1,36,5,14
porous carbon,none,koh,0.9,648.0,0.33,0.6,0.33,0.0,0.83,0.0,0.0,0.0,0.0,0.0,0.0,174.4,0,1,36,5,14
porous carbon,none,teabf4_an,2.7,1007.0,0.62,0.6,0.46,0.0,0.85,0.0,7.3,0.0,0.0,0.0,0.0,38.0,0,1,36,5,24
porous carbon,none,teabf4_an,2.7,1549.0,0.81,0.6,0.61,0.0,0.86,0.0,8.5,0.0,0.0,0.0,0.0,115.0,0,1,36,5,24
porous carbon,none,teabf4_an,2.7,648.0,0.33,0.6,0.33,0.0,0.83,0.0,0.0,0.0,0.0,0.0,0.0,1.9,0,1,36,5,24
N-doped porous carbon,none,lipf6_ec_dmc,2.7,1290.0,3.04,0.7,0.3,400.0,0.0,3.6,0.0,0.0,0.0,0.0,0.0,101.0,0,1,16,5,18
N-doped porous carbon,none,lipf6_ec_dmc,2.7,1222.0,2.76,0.7,0.28,382.0,0.0,0.0,0.0,0.0,0.0,0.0,0.0,108.0,0,1,16,5,18
N-doped porous carbon,none,lipf6_ec_dmc,2.7,1487.0,0.74,1.0,0.56,1356.0,0.0,0.0,0.0,0.0,0.0,0.0,0.0,90.0,0,1,16,5,18
porous carbon,none,koh,1.0,2548.6,1.54,2.42,0.0,0.0,0.96,0.0,0.0,0.0,0.0,0.0,0.0,239.0,0,0,36,5,14
porous carbon,none,koh,1.0,449.0,0.54,4.77,0.11,0.0,0.0,0.0,0.0,0.0,0.0,0.0,0.0,185.0,0,1,36,5,14
porous carbon,none,koh,1.0,600.0,0.63,4.2,0.18,0.0,0.0,0.0,0.0,0.0,0.0,0.0,0.0,193.0,0,1,36,5,14
porous carbon,none,koh,1.0,1018.0,1.07,4.18,0.27,0.0,0.0,0.0,0.0,0.0,0.0,0.0,0.0,233.0,0,1,36,5,14
porous carbon,none,koh,1.0,1066.0,1.48,5.57,0.11,0.0,0.0,0.0,0.0,0.0,0.0,0.0,0.0,168.0,0,1,36,5,14
porous carbon,none,koh,1.0,866.0,0.83,3.81,0.21,0.0,0.0,0.0,0.0,0.0,0.0,0.0,0.0,189.0,0,1,36,5,14
porous carbon,none,koh,1.0,1456.0,1.35,3.7,0.38,0.0,1.02,0.0,0.0,0.0,0.0,0.0,0.0,245.0,0,1,36,5,14
porous carbon,none,koh,1.0,971.0,0.99,4.07,0.26,0.0,0.0,0.0,0.0,0.0,0.0,0.0,0.0,236.0,0,1,36,5,14
porous carbon,none,koh,0.9,943.0,0.44,1.9,0.0,0.0,1.15,2.06,23.32,0.0,0.0,0.0,0.0,232.0,0,0,36,5,14
porous carbon,none,koh,0.9,1177.0,0.55,1.89,0.0,0.0,1.27,1.88,21.89,0.0,0.0,0.0,0.0,267.0,0,0,36,5,14
porous carbon,none,koh,0.9,1733.0,0.86,1.97,0.0,0.0,1.38,1.64,18.98,0.0,0.0,0.0,0.0,304.0,0,0,36,5,14
porous carbon,none,koh,0.9,1841.0,1.05,2.25,0.0,0.0,1.78,1.39,17.14,0.0,0.0,0.0,0.0,187.0,0,0,36,5,14
porous carbon,none,koh,0.9,1554.0,0.94,2.36,0.0,0.0,2.35,1.09,15.24,0.0,0.0,0.0,0.0,204.0,0,0,36,5,14
porous carbon,none,h2so4,0.9,341.0,0.53,0.0,0.05,0.0,0.0,0.0,0.0,0.0,0.0,0.0,0.0,41.0,0,0,36,5,9
porous carbon,none,h2so4,1.0,1161.6,2.78,21.0,0.25,0.0,0.0,0.0,0.0,0.0,0.0,0.0,0.0,257.0,0,0,36,5,9
AC,none,h2so5,1.0,851.0,0.55,2.0,0.37,0.0,0.0,0.0,0.0,0.0,0.0,0.0,0.0,120.0,0,0,3,5,11
N-doped carbon,none,koh,1.0,1299.0,0.0,0.0,0.0,0.0,0.89,4.8,0.0,0.0,0.0,0.0,0.0,491.0,0,0,13,5,14
N-doped carbon,none,koh,1.0,2090.0,0.0,0.0,0.0,0.0,0.9,4.1,0.0,0.0,0.0,0.0,0.0,525.0,0,0,13,5,14
porous carbon,none,bminbf6,4.0,3023.0,2.18,1.2,0.0,0.0,0.0,0.0,0.0,0.0,0.0,0.0,0.0,213.0,0,0,36,5,1
carbon fiber,none,unknown,0.0,1218.0,1.075,0.0,0.698,0.0,0.0,0.0,0.0,0.0,0.0,0.0,0.0,276.0,0,0,24,5,25
